campaign_number,make,model,year,component,summary,consequence,remedy,report_date
18V735000,FORD,FOCUS,2015,"FUEL SYSTEM, GASOLINE:STORAGE","Ford Motor Company (Ford) is recalling certain 2012-2018 Ford Focus vehicles with a 2.0L GDI or 2.0L GTDI engine.  The Canister Purge Valve (CPV) may malfunction, possibly causing excessive vacuum in fuel vapor management system.","The excessive vaccuum may result in an engine stall while driving, without warning and without the ability to restart the vehicle, increasing the risk of a crash.","Ford will notify owners, and dealers will reprogram the Powertrain Control Module.  Dealers will also check for fault codes and replace the CPV as needed.  If the CPV is replaced, dealers will inspect and replace the carbon canister, fuel tank and fuel delivery module as necessary.  The recall began August 19, 2019.  Owners may contact Ford Customer service at 1-866-436-7332.  Ford's number for this recall is 18S32.  Note: Until the vehicle is serviced for this concern, owners are advised to keep the fuel tank at least halfway full.",22/10/2018
18V169000,FORD,FOCUS,2015,POWER TRAIN:MANUAL TRANSMISSION,"Ford Motor Company (Ford) is recalling certain 2013-2014 Ford Fusion vehicles equipped with a 1.6L GTDI engine and 6-speed manual transmission and 2015-2016 Ford Focus vehicles equipped with a 1.0L GTDI engine and 6-speed manual transmission.  Also included are four 2017 Ford Focus vehicles that had clutch replacements with potentially affected parts.  The clutch may fracture, resulting in damage to the transmission assembly and possibly a transmission fluid leak.",A transmission fluid leak in the presence of an ignition source such as hot engine or exhaust components can increase the risk of a fire.,"Ford will notify owners, and dealers will update the Focus vehicles with software that detects and prevents prolonged clutch slip, and will replace the clutch, as necessary, free of charge.  Owners of Fusion vehicles will have their clutch assembly replaced free of charge.  The recall began August 3, 2018.  Owners may contact Ford customer service at 1-866-436-7332.  Ford's number for this recall is 18S07.",12/03/2018
16V643000,FORD,FOCUS,2015,LATCHES/LOCKS/LINKAGES:DOORS:LATCH,"Ford Motor Company (Ford) is recalling certain model year 2012-2015 Ford Focus, 2013-2015 Ford Escape and Ford C-MAX, 2015 Lincoln MKC and Ford Mustang, and 2014-2016 Ford Transit Connect vehicles.  A component within the door latches may break, preventing the doors from latching and/or leading the driver or a passenger to believe a door is securely closed when, in fact, it is not.","A door that is not securely latched could open while the vehicle is in motion, increasing the risk of injury to a vehicle occupant.","Ford will notify owners, and dealers will replace the door latches with an improved part, free of charge.  The recall began on January 27, 2017.  Owners may contact Ford customer service at 1-866-436-7332.  Ford's number for this recall is 16S30.",06/09/2016
16V698000,FORD,FOCUS,2015,LATCHES/LOCKS/LINKAGES:HATCHBACK/LIFTGATE:LOCK,"Ford Motor Company (Ford) is recalling certain model year 2013-2017 Ford Focus hatchback vehicles manufactured February 14, 2012, to August 26, 2016 and equipped with a manual transmission.  The hatchback of the affected vehicles may be unlatched with a single press of the interior latch release button.  As such, these vehicles fail to comply with the requirements of Federal Motor Vehicle Safety Standard (FMVSS) number 206, ""Door Locks and Door Retention Components.""","With only a single press needed, the driver may accidently unlatch the hatchback, increasing the risk of injury to any unsecured passengers in the back.","Ford will notify owners, and dealers will reprogram the Body Control Module with updated software, free of charge.  The recall began February 10, 2017.  Owners may contact Ford customer service at 1-866-436-7332.  Ford's number for this recall is 16C13.",28/09/2016
15V436000,FORD,FOCUS,2015,ELECTRICAL SYSTEM:IGNITION,"Ford Motor Company (Ford) is recalling certain model year 2015 Ford Escape vehicles manufactured April 1, 2014, to June 12, 2015, Ford Focus vehicles manufactured June 17, 2014, to June 12, 2015, and Ford C-Max vehicles manufactured April 22, 2014, to June 12, 2015.  In the affected vehicles, the engine may continue to run after the key or the START/STOP engine button is turned to off.  As such, these vehicles fail to comply with the requirements of Federal Motor Vehicle Safety Standard (FMVSS) number 114, ""Theft Protection and Rollaway Prevention.""","If the engine does not turn off as expected, someone could move the transmission shifter out of park and the vehicle may move unintentionally, increasing the risk of a crash.","Ford will notify owners, and dealers will update the body control module software, free of charge.  The recall began on July 27, 2015.  Owners may contact Ford customer service at 1-866-436-7332.  Ford's number for this recall is 15C06.",08/07/2015
20V331000,FORD,FOCUS,2015,LATCHES/LOCKS/LINKAGES:DOORS:LATCH,"Ford Motor Company (Ford) is recalling certain 2011-2014 Fiesta, 2013-2014 Fusion, 2015 Mustang, 2013-2015 Escape and C-Max, 2012-2015 Focus, 2014-2016 Transit Connect, 2013-2014 Lincoln MKZ, and 2015 MKC vehicles.  These vehicles were previously recalled and repaired under recalls 15V-246, 16V-643 or 17V-210, however the repair may not have been completed properly.  A component within the door latches may break making the doors difficult to latch and/or leading the driver or a passenger to believe a door is securely closed when, in fact, it is not.","A door that is not securely latched could open while the vehicle is in motion, increasing the risk of injury to a vehicle occupant.","Ford will notify owners, and dealers will inspect the latch date codes to confirm if the repair was done correctly, and replace the side door latches if necessary, free of charge.  Owners will also have the option to inspect their own vehicle's door latches and enter the date codes into a website to determine if the latches are correct.  Owner notification letters were mailed on July 27, 2020.  Owners may contact Ford customer service at 1-866-436-7332.  Ford's number for this recall is 20S30.",08/06/2020
26V011000,FORD,FOCUS,2015,EQUIPMENT:ELECTRICAL:ENGINE BLOCK HEATER,"Ford Motor Company (Ford) is recalling certain 2013-2018 Focus, 2013-2019 Escape, and 2015-2016 MKC vehicles equipped with a 2.0L engine. The engine block heater may crack and develop a coolant leak, causing it to short circuit when the block heater is plugged in.",An electrical short circuit can increase the risk of a fire.,"Owners are advised not to plug in their block heater until the vehicle is remedied. Dealers will replace the block heater, free of charge. Owners will also have a alternative option to replace engine block heater element with a threaded plug, and remove the block heater electrical cord. Interim letters, notifying owners of the safety risk, were mailed March 6, 2026. Additional letters will be sent once the final remedy is available. Owners may contact Ford customer service at 1-866-436-7332. Ford's number for this recall is 26S01. Vehicle Identification Numbers (VINs) involved in this recall became searchable on NHTSA.gov on January 16, 2026.",15/01/2026
26V369000,FORD,FOCUS,2015,"FUEL SYSTEM, GASOLINE:STORAGE:EVAPORATIVE EMISSIONS:CANISTER","Ford Motor Company (Ford) is recalling certain 2012-2018 Focus vehicles previously repaired incorrectly under recall number 18V735. The Canister Purge Valve (CPV) may malfunction, causing the engine to stall unexpectedly while driving.",An engine that stalls while driving increases the risk of a crash.,"Dealers will update the powertrain control module (PCM) software, free of charge. Owner notification letters are expected to be mailed July 6, 2026. Owners may contact Ford customer service at 1-866-436-7332. Ford's number for this recall is 26S40. Vehicle Identification Numbers (VINs) involved in this recall will become searchable on NHTSA.gov on July 6,2026.",09/06/2026
26V376000,FORD,FOCUS,2015,POWER TRAIN:MANUAL TRANSMISSION,"Ford Motor Company (Ford) is recalling certain 2015-2018 Focus and 2013-2016 Fusion vehicles previously repaired incorrectly under recall numbers 18V169 and 18V845. The clutch may fracture, resulting in damage to the transmission assembly and possibly a transmission fluid leak.",A transmission fluid leak in the presence of an ignition source such as hot engine or exhaust components can increase the risk of a fire.,"Dealers will update the software, free of charge. Owner notification letters are expected to be mailed July 6, 2026. Owners may contact Ford customer service at 1-866-436-7332. Ford's number for this recall is 26S43. Vehicle Identification Numbers (VINs) involved in this recall will become searchable on NHTSA.gov on July 6,2026.",09/06/2026
18V735000,FORD,FOCUS,2016,"FUEL SYSTEM, GASOLINE:STORAGE","Ford Motor Company (Ford) is recalling certain 2012-2018 Ford Focus vehicles with a 2.0L GDI or 2.0L GTDI engine.  The Canister Purge Valve (CPV) may malfunction, possibly causing excessive vacuum in fuel vapor management system.","The excessive vaccuum may result in an engine stall while driving, without warning and without the ability to restart the vehicle, increasing the risk of a crash.","Ford will notify owners, and dealers will reprogram the Powertrain Control Module.  Dealers will also check for fault codes and replace the CPV as needed.  If the CPV is replaced, dealers will inspect and replace the carbon canister, fuel tank and fuel delivery module as necessary.  The recall began August 19, 2019.  Owners may contact Ford Customer service at 1-866-436-7332.  Ford's number for this recall is 18S32.  Note: Until the vehicle is serviced for this concern, owners are advised to keep the fuel tank at least halfway full.",22/10/2018
18V845000,FORD,FOCUS,2016,POWER TRAIN:MANUAL TRANSMISSION,"Ford Motor Company (Ford) is recalling certain 2016-2018 Ford Focus vehicles equipped with a 1.0L Fox GTDI engine and a 6-speed manual transmission.  The clutch may fracture, resulting in damage to the transmission assembly and possibly a transmission fluid leak.",A transmission fluid leak in the presence of an ignition source such as hot engine or exhaust components can increase the risk of a fire.,"Ford will notify owners, and dealers will update vehicles with software that detects and prevents prolonged clutch slip, and will replace the clutch, as necessary, free of charge.  The recall began January 17, 2019.  Owners may contact Ford at 1-866-436-7332.  Ford's number for this recall is 18S07.  Note: This recall is an expansion of Recall 18V-169.",28/11/2018
17V052000,FORD,FOCUS,2016,STRUCTURE:BODY,Ford Motor Company (Ford) is recalling certain 2016 Focus and C-Max vehicles.  The floor pan may have improperly welded left-hand apron joints.,"Improperly welded apron joints may reduce the front-end structural integrity of the vehicle, increasing the risk of injury in the event of a crash.","Ford will notify owners, and dealers will inspect the apron joints, repairing the vehicle, as necessary, free of charge.  The recall began March 8, 2017.  Owners may contact Ford customer service at 1-866-436-7332.  Ford's number for this recall is 17S03.",24/01/2017
18V169000,FORD,FOCUS,2016,POWER TRAIN:MANUAL TRANSMISSION,"Ford Motor Company (Ford) is recalling certain 2013-2014 Ford Fusion vehicles equipped with a 1.6L GTDI engine and 6-speed manual transmission and 2015-2016 Ford Focus vehicles equipped with a 1.0L GTDI engine and 6-speed manual transmission.  Also included are four 2017 Ford Focus vehicles that had clutch replacements with potentially affected parts.  The clutch may fracture, resulting in damage to the transmission assembly and possibly a transmission fluid leak.",A transmission fluid leak in the presence of an ignition source such as hot engine or exhaust components can increase the risk of a fire.,"Ford will notify owners, and dealers will update the Focus vehicles with software that detects and prevents prolonged clutch slip, and will replace the clutch, as necessary, free of charge.  Owners of Fusion vehicles will have their clutch assembly replaced free of charge.  The recall began August 3, 2018.  Owners may contact Ford customer service at 1-866-436-7332.  Ford's number for this recall is 18S07.",12/03/2018
16V698000,FORD,FOCUS,2016,LATCHES/LOCKS/LINKAGES:HATCHBACK/LIFTGATE:LOCK,"Ford Motor Company (Ford) is recalling certain model year 2013-2017 Ford Focus hatchback vehicles manufactured February 14, 2012, to August 26, 2016 and equipped with a manual transmission.  The hatchback of the affected vehicles may be unlatched with a single press of the interior latch release button.  As such, these vehicles fail to comply with the requirements of Federal Motor Vehicle Safety Standard (FMVSS) number 206, ""Door Locks and Door Retention Components.""","With only a single press needed, the driver may accidently unlatch the hatchback, increasing the risk of injury to any unsecured passengers in the back.","Ford will notify owners, and dealers will reprogram the Body Control Module with updated software, free of charge.  The recall began February 10, 2017.  Owners may contact Ford customer service at 1-866-436-7332.  Ford's number for this recall is 16C13.",28/09/2016
23V905000,FORD,FOCUS,2016,ENGINE AND ENGINE COOLING:ENGINE:OIL/LUBRICATION:PUMP,"Ford Motor Company (Ford) is recalling certain 2016-2018 Ford Focus and 2018-2022 Ford EcoSport vehicles.  The oil pump drive belt or drive belt tensioner may fail, resulting in a loss of engine oil pressure.","A loss of oil pressure can result in an engine stall and a loss of power braking assist, increasing the risk of a crash.","Dealers will replace the oil pump tensioner assembly and oil pump drive belt, free of charge.  If engine failure occurs due to a damaged oil pump belt and/or oil pump belt tensioner, Ford has authorized dealers to replace the engine assembly as an interim repair before the availability of remedy parts for the final repair.  This repair will be free of charge (parts and labor). Owner notification letters were mailed August 11, 2025. Owners may contact Ford customer service at 1-866-436-7332.  Ford's number for this recall is 23S64.",22/12/2023
26V011000,FORD,FOCUS,2016,EQUIPMENT:ELECTRICAL:ENGINE BLOCK HEATER,"Ford Motor Company (Ford) is recalling certain 2013-2018 Focus, 2013-2019 Escape, and 2015-2016 MKC vehicles equipped with a 2.0L engine. The engine block heater may crack and develop a coolant leak, causing it to short circuit when the block heater is plugged in.",An electrical short circuit can increase the risk of a fire.,"Owners are advised not to plug in their block heater until the vehicle is remedied. Dealers will replace the block heater, free of charge. Owners will also have a alternative option to replace engine block heater element with a threaded plug, and remove the block heater electrical cord. Interim letters, notifying owners of the safety risk, were mailed March 6, 2026. Additional letters will be sent once the final remedy is available. Owners may contact Ford customer service at 1-866-436-7332. Ford's number for this recall is 26S01. Vehicle Identification Numbers (VINs) involved in this recall became searchable on NHTSA.gov on January 16, 2026.",15/01/2026
26V012000,FORD,FOCUS,2016,EQUIPMENT:ELECTRICAL:ENGINE BLOCK HEATER,"Ford Motor Company (Ford) is recalling certain 2016-2018 Focus, 2019 Explorer, and 2024 Explorer vehicles. The engine block heater may crack and develop a coolant leak, causing it to short circuit when the block heater is plugged in.",An electrical short circuit can increase the risk of a fire.,"Owners are advised not to plug in their block heater until the vehicle is remedied. Dealers will replace the block heater, free of charge. Owners will also have a alternative option to replace engine block heater element with a threaded blanking plug, and remove the block heater electrical cord. Interim letters, notifying owners of the safety risk, were mailed February 13, 2026. Additional letters will be sent once the final remedy is available, anticipated in October 2026. Owners may contact Ford customer service at 1-866-436-7332. Ford's number for this recall is 25SA4. Vehicle Identification Numbers (VINs) involved in this recall became searchable on NHTSA.gov on January 16, 2026. This recall expands previous recall number 25V685.",15/01/2026
26V369000,FORD,FOCUS,2016,"FUEL SYSTEM, GASOLINE:STORAGE:EVAPORATIVE EMISSIONS:CANISTER","Ford Motor Company (Ford) is recalling certain 2012-2018 Focus vehicles previously repaired incorrectly under recall number 18V735. The Canister Purge Valve (CPV) may malfunction, causing the engine to stall unexpectedly while driving.",An engine that stalls while driving increases the risk of a crash.,"Dealers will update the powertrain control module (PCM) software, free of charge. Owner notification letters are expected to be mailed July 6, 2026. Owners may contact Ford customer service at 1-866-436-7332. Ford's number for this recall is 26S40. Vehicle Identification Numbers (VINs) involved in this recall will become searchable on NHTSA.gov on July 6,2026.",09/06/2026
26V376000,FORD,FOCUS,2016,POWER TRAIN:MANUAL TRANSMISSION,"Ford Motor Company (Ford) is recalling certain 2015-2018 Focus and 2013-2016 Fusion vehicles previously repaired incorrectly under recall numbers 18V169 and 18V845. The clutch may fracture, resulting in damage to the transmission assembly and possibly a transmission fluid leak.",A transmission fluid leak in the presence of an ignition source such as hot engine or exhaust components can increase the risk of a fire.,"Dealers will update the software, free of charge. Owner notification letters are expected to be mailed July 6, 2026. Owners may contact Ford customer service at 1-866-436-7332. Ford's number for this recall is 26S43. Vehicle Identification Numbers (VINs) involved in this recall will become searchable on NHTSA.gov on July 6,2026.",09/06/2026
18V735000,FORD,FOCUS,2017,"FUEL SYSTEM, GASOLINE:STORAGE","Ford Motor Company (Ford) is recalling certain 2012-2018 Ford Focus vehicles with a 2.0L GDI or 2.0L GTDI engine.  The Canister Purge Valve (CPV) may malfunction, possibly causing excessive vacuum in fuel vapor management system.","The excessive vaccuum may result in an engine stall while driving, without warning and without the ability to restart the vehicle, increasing the risk of a crash.","Ford will notify owners, and dealers will reprogram the Powertrain Control Module.  Dealers will also check for fault codes and replace the CPV as needed.  If the CPV is replaced, dealers will inspect and replace the carbon canister, fuel tank and fuel delivery module as necessary.  The recall began August 19, 2019.  Owners may contact Ford Customer service at 1-866-436-7332.  Ford's number for this recall is 18S32.  Note: Until the vehicle is serviced for this concern, owners are advised to keep the fuel tank at least halfway full.",22/10/2018
19V515000,FORD,FOCUS,2017,"FUEL SYSTEM, GASOLINE:STORAGE","Ford Motor Company (Ford) is recalling certain 2012 and 2017 Focus vehicles equipped with 2.0L GDI gasoline engines and 2013-2014 Focus ST vehicles equipped with 2.0L GTDI engines, previously recalled under 18V-735.  The affected vehicles did not have the Powertrain Control Module (PCM) updated as intended.  Therefore, the Canister Purge Valve (CPV) may malfunction, possibly causing excessive vacuum in the fuel vapor management system.","The excessive vacuum may result in an engine stall while driving, without warning and without the ability to restart the vehicle, increasing the risk of a crash.","Ford will notify owners, and dealers will reprogram the Powertrain Control Module.  Dealers will also check for fault codes and replace the CPV as needed.  If the CPV is replaced, dealers will inspect and replace the carbon canister, fuel tank and fuel delivery module as necessary.  The recall began July 29, 2019.  Owners may contact Ford customer service at 1-866-436-7332.  Ford's number for this recall is 19S22.",05/07/2019
18V845000,FORD,FOCUS,2017,POWER TRAIN:MANUAL TRANSMISSION,"Ford Motor Company (Ford) is recalling certain 2016-2018 Ford Focus vehicles equipped with a 1.0L Fox GTDI engine and a 6-speed manual transmission.  The clutch may fracture, resulting in damage to the transmission assembly and possibly a transmission fluid leak.",A transmission fluid leak in the presence of an ignition source such as hot engine or exhaust components can increase the risk of a fire.,"Ford will notify owners, and dealers will update vehicles with software that detects and prevents prolonged clutch slip, and will replace the clutch, as necessary, free of charge.  The recall began January 17, 2019.  Owners may contact Ford at 1-866-436-7332.  Ford's number for this recall is 18S07.  Note: This recall is an expansion of Recall 18V-169.",28/11/2018
17V528000,FORD,FOCUS,2017,SEAT BELTS:REAR/OTHER,"Ford Motor Company (Ford) is recalling certain 2017 Focus vehicles.  The rear left side seat back frame may have an insufficient weld between the outboard pivot bracket and the pivot nut joint, resulting in the seat back having reduced strength.  As such, these vehicles fail to comply with the requirements of Federal Motor Vehicle Safety Standard (FMVSS) number 207, ""Seating Systems,"" and 210, ""Seat Belt Assembly Anchorages.""",The reduced seat back strength may increase the risk of injury in the event of a crash.,"Ford will notify owners, and dealers will inspect and replace the rear second left side rear seat back as necessary, free of charge.  The recall began October 10, 2017.  Owners may contact Ford customer service at 1-866-436-7332.  Ford's number for this recall is 17C13.",28/08/2017
16V698000,FORD,FOCUS,2017,LATCHES/LOCKS/LINKAGES:HATCHBACK/LIFTGATE:LOCK,"Ford Motor Company (Ford) is recalling certain model year 2013-2017 Ford Focus hatchback vehicles manufactured February 14, 2012, to August 26, 2016 and equipped with a manual transmission.  The hatchback of the affected vehicles may be unlatched with a single press of the interior latch release button.  As such, these vehicles fail to comply with the requirements of Federal Motor Vehicle Safety Standard (FMVSS) number 206, ""Door Locks and Door Retention Components.""","With only a single press needed, the driver may accidently unlatch the hatchback, increasing the risk of injury to any unsecured passengers in the back.","Ford will notify owners, and dealers will reprogram the Body Control Module with updated software, free of charge.  The recall began February 10, 2017.  Owners may contact Ford customer service at 1-866-436-7332.  Ford's number for this recall is 16C13.",28/09/2016
23V905000,FORD,FOCUS,2017,ENGINE AND ENGINE COOLING:ENGINE:OIL/LUBRICATION:PUMP,"Ford Motor Company (Ford) is recalling certain 2016-2018 Ford Focus and 2018-2022 Ford EcoSport vehicles.  The oil pump drive belt or drive belt tensioner may fail, resulting in a loss of engine oil pressure.","A loss of oil pressure can result in an engine stall and a loss of power braking assist, increasing the risk of a crash.","Dealers will replace the oil pump tensioner assembly and oil pump drive belt, free of charge.  If engine failure occurs due to a damaged oil pump belt and/or oil pump belt tensioner, Ford has authorized dealers to replace the engine assembly as an interim repair before the availability of remedy parts for the final repair.  This repair will be free of charge (parts and labor). Owner notification letters were mailed August 11, 2025. Owners may contact Ford customer service at 1-866-436-7332.  Ford's number for this recall is 23S64.",22/12/2023
26V011000,FORD,FOCUS,2017,EQUIPMENT:ELECTRICAL:ENGINE BLOCK HEATER,"Ford Motor Company (Ford) is recalling certain 2013-2018 Focus, 2013-2019 Escape, and 2015-2016 MKC vehicles equipped with a 2.0L engine. The engine block heater may crack and develop a coolant leak, causing it to short circuit when the block heater is plugged in.",An electrical short circuit can increase the risk of a fire.,"Owners are advised not to plug in their block heater until the vehicle is remedied. Dealers will replace the block heater, free of charge. Owners will also have a alternative option to replace engine block heater element with a threaded plug, and remove the block heater electrical cord. Interim letters, notifying owners of the safety risk, were mailed March 6, 2026. Additional letters will be sent once the final remedy is available. Owners may contact Ford customer service at 1-866-436-7332. Ford's number for this recall is 26S01. Vehicle Identification Numbers (VINs) involved in this recall became searchable on NHTSA.gov on January 16, 2026.",15/01/2026
26V012000,FORD,FOCUS,2017,EQUIPMENT:ELECTRICAL:ENGINE BLOCK HEATER,"Ford Motor Company (Ford) is recalling certain 2016-2018 Focus, 2019 Explorer, and 2024 Explorer vehicles. The engine block heater may crack and develop a coolant leak, causing it to short circuit when the block heater is plugged in.",An electrical short circuit can increase the risk of a fire.,"Owners are advised not to plug in their block heater until the vehicle is remedied. Dealers will replace the block heater, free of charge. Owners will also have a alternative option to replace engine block heater element with a threaded blanking plug, and remove the block heater electrical cord. Interim letters, notifying owners of the safety risk, were mailed February 13, 2026. Additional letters will be sent once the final remedy is available, anticipated in October 2026. Owners may contact Ford customer service at 1-866-436-7332. Ford's number for this recall is 25SA4. Vehicle Identification Numbers (VINs) involved in this recall became searchable on NHTSA.gov on January 16, 2026. This recall expands previous recall number 25V685.",15/01/2026
26V369000,FORD,FOCUS,2017,"FUEL SYSTEM, GASOLINE:STORAGE:EVAPORATIVE EMISSIONS:CANISTER","Ford Motor Company (Ford) is recalling certain 2012-2018 Focus vehicles previously repaired incorrectly under recall number 18V735. The Canister Purge Valve (CPV) may malfunction, causing the engine to stall unexpectedly while driving.",An engine that stalls while driving increases the risk of a crash.,"Dealers will update the powertrain control module (PCM) software, free of charge. Owner notification letters are expected to be mailed July 6, 2026. Owners may contact Ford customer service at 1-866-436-7332. Ford's number for this recall is 26S40. Vehicle Identification Numbers (VINs) involved in this recall will become searchable on NHTSA.gov on July 6,2026.",09/06/2026
26V376000,FORD,FOCUS,2017,POWER TRAIN:MANUAL TRANSMISSION,"Ford Motor Company (Ford) is recalling certain 2015-2018 Focus and 2013-2016 Fusion vehicles previously repaired incorrectly under recall numbers 18V169 and 18V845. The clutch may fracture, resulting in damage to the transmission assembly and possibly a transmission fluid leak.",A transmission fluid leak in the presence of an ignition source such as hot engine or exhaust components can increase the risk of a fire.,"Dealers will update the software, free of charge. Owner notification letters are expected to be mailed July 6, 2026. Owners may contact Ford customer service at 1-866-436-7332. Ford's number for this recall is 26S43. Vehicle Identification Numbers (VINs) involved in this recall will become searchable on NHTSA.gov on July 6,2026.",09/06/2026
18V735000,FORD,FOCUS,2018,"FUEL SYSTEM, GASOLINE:STORAGE","Ford Motor Company (Ford) is recalling certain 2012-2018 Ford Focus vehicles with a 2.0L GDI or 2.0L GTDI engine.  The Canister Purge Valve (CPV) may malfunction, possibly causing excessive vacuum in fuel vapor management system.","The excessive vaccuum may result in an engine stall while driving, without warning and without the ability to restart the vehicle, increasing the risk of a crash.","Ford will notify owners, and dealers will reprogram the Powertrain Control Module.  Dealers will also check for fault codes and replace the CPV as needed.  If the CPV is replaced, dealers will inspect and replace the carbon canister, fuel tank and fuel delivery module as necessary.  The recall began August 19, 2019.  Owners may contact Ford Customer service at 1-866-436-7332.  Ford's number for this recall is 18S32.  Note: Until the vehicle is serviced for this concern, owners are advised to keep the fuel tank at least halfway full.",22/10/2018
18V845000,FORD,FOCUS,2018,POWER TRAIN:MANUAL TRANSMISSION,"Ford Motor Company (Ford) is recalling certain 2016-2018 Ford Focus vehicles equipped with a 1.0L Fox GTDI engine and a 6-speed manual transmission.  The clutch may fracture, resulting in damage to the transmission assembly and possibly a transmission fluid leak.",A transmission fluid leak in the presence of an ignition source such as hot engine or exhaust components can increase the risk of a fire.,"Ford will notify owners, and dealers will update vehicles with software that detects and prevents prolonged clutch slip, and will replace the clutch, as necessary, free of charge.  The recall began January 17, 2019.  Owners may contact Ford at 1-866-436-7332.  Ford's number for this recall is 18S07.  Note: This recall is an expansion of Recall 18V-169.",28/11/2018
23V905000,FORD,FOCUS,2018,ENGINE AND ENGINE COOLING:ENGINE:OIL/LUBRICATION:PUMP,"Ford Motor Company (Ford) is recalling certain 2016-2018 Ford Focus and 2018-2022 Ford EcoSport vehicles.  The oil pump drive belt or drive belt tensioner may fail, resulting in a loss of engine oil pressure.","A loss of oil pressure can result in an engine stall and a loss of power braking assist, increasing the risk of a crash.","Dealers will replace the oil pump tensioner assembly and oil pump drive belt, free of charge.  If engine failure occurs due to a damaged oil pump belt and/or oil pump belt tensioner, Ford has authorized dealers to replace the engine assembly as an interim repair before the availability of remedy parts for the final repair.  This repair will be free of charge (parts and labor). Owner notification letters were mailed August 11, 2025. Owners may contact Ford customer service at 1-866-436-7332.  Ford's number for this recall is 23S64.",22/12/2023
26V011000,FORD,FOCUS,2018,EQUIPMENT:ELECTRICAL:ENGINE BLOCK HEATER,"Ford Motor Company (Ford) is recalling certain 2013-2018 Focus, 2013-2019 Escape, and 2015-2016 MKC vehicles equipped with a 2.0L engine. The engine block heater may crack and develop a coolant leak, causing it to short circuit when the block heater is plugged in.",An electrical short circuit can increase the risk of a fire.,"Owners are advised not to plug in their block heater until the vehicle is remedied. Dealers will replace the block heater, free of charge. Owners will also have a alternative option to replace engine block heater element with a threaded plug, and remove the block heater electrical cord. Interim letters, notifying owners of the safety risk, were mailed March 6, 2026. Additional letters will be sent once the final remedy is available. Owners may contact Ford customer service at 1-866-436-7332. Ford's number for this recall is 26S01. Vehicle Identification Numbers (VINs) involved in this recall became searchable on NHTSA.gov on January 16, 2026.",15/01/2026
26V012000,FORD,FOCUS,2018,EQUIPMENT:ELECTRICAL:ENGINE BLOCK HEATER,"Ford Motor Company (Ford) is recalling certain 2016-2018 Focus, 2019 Explorer, and 2024 Explorer vehicles. The engine block heater may crack and develop a coolant leak, causing it to short circuit when the block heater is plugged in.",An electrical short circuit can increase the risk of a fire.,"Owners are advised not to plug in their block heater until the vehicle is remedied. Dealers will replace the block heater, free of charge. Owners will also have a alternative option to replace engine block heater element with a threaded blanking plug, and remove the block heater electrical cord. Interim letters, notifying owners of the safety risk, were mailed February 13, 2026. Additional letters will be sent once the final remedy is available, anticipated in October 2026. Owners may contact Ford customer service at 1-866-436-7332. Ford's number for this recall is 25SA4. Vehicle Identification Numbers (VINs) involved in this recall became searchable on NHTSA.gov on January 16, 2026. This recall expands previous recall number 25V685.",15/01/2026
26V369000,FORD,FOCUS,2018,"FUEL SYSTEM, GASOLINE:STORAGE:EVAPORATIVE EMISSIONS:CANISTER","Ford Motor Company (Ford) is recalling certain 2012-2018 Focus vehicles previously repaired incorrectly under recall number 18V735. The Canister Purge Valve (CPV) may malfunction, causing the engine to stall unexpectedly while driving.",An engine that stalls while driving increases the risk of a crash.,"Dealers will update the powertrain control module (PCM) software, free of charge. Owner notification letters are expected to be mailed July 6, 2026. Owners may contact Ford customer service at 1-866-436-7332. Ford's number for this recall is 26S40. Vehicle Identification Numbers (VINs) involved in this recall will become searchable on NHTSA.gov on July 6,2026.",09/06/2026
26V376000,FORD,FOCUS,2018,POWER TRAIN:MANUAL TRANSMISSION,"Ford Motor Company (Ford) is recalling certain 2015-2018 Focus and 2013-2016 Fusion vehicles previously repaired incorrectly under recall numbers 18V169 and 18V845. The clutch may fracture, resulting in damage to the transmission assembly and possibly a transmission fluid leak.",A transmission fluid leak in the presence of an ignition source such as hot engine or exhaust components can increase the risk of a fire.,"Dealers will update the software, free of charge. Owner notification letters are expected to be mailed July 6, 2026. Owners may contact Ford customer service at 1-866-436-7332. Ford's number for this recall is 26S43. Vehicle Identification Numbers (VINs) involved in this recall will become searchable on NHTSA.gov on July 6,2026.",09/06/2026
15V574000,HONDA,CIVIC,2015,POWER TRAIN:AUTOMATIC TRANSMISSION:CONTROL MODULE (TCM/PCM/TECM),"Honda (American Honda Motor Co.) is recalling certain model year 2014-2015 Civic vehicles manufactured January 16, 2014, to November 6, 2014 and 2015 Fit vehicles manufactured March 12, 2014, to May 12, 2015.  The software settings that control the transmission operation may result in damage to the transmission drive pulley shaft.","If the transmission drive pulley shaft is damaged, it may break, and the vehicle may lose acceleration or the front wheels may lock up while driving, increasing the risk of a crash.","Honda will notify owners, and dealers will update the software for the transmission, free of charge.  The recall is expected to begin October 30, 2015.  Owners may contact Honda customer service at 1-888-234-2138.  Honda's  numbers for this recall are JU2 (Civic) and JU3(Fit).",15/09/2015
16V526000,HONDA,CIVIC,2016,EXTERIOR LIGHTING,"American Honda Motor Co. (Honda) is recalling certain model year 2016 Civic 2-Door vehicles manufactured February 23, 2016, through May 20, 2016.  The affected vehicles may have a damaged LED side marker light circuit board inside the taillight assembly, making the marker light inoperable.  As such, these vehicles fail to comply with the requirements of Federal Motor Vehicle Safety Standard (FMVSS) number 108, ""Lamps, Reflective Devices, and Assoc. Equipment.""","If a side marker light does not function, vehicle visibility can be decreased to other drivers, increasing the risk of a crash.","Honda will notify owners, and dealers will inspect both the taillight assemblies, replacing them as necessary, free of charge.  The recall began on August 31, 2016.  Owners may contact Honda customer service at 1-888-234-2138.  Honda's number for this recall is KB8.",11/07/2016
16V725000,HONDA,CIVIC,2016,PARKING BRAKE,Honda (American Honda Motor Co.) is recalling certain model year 2016 Honda Civic two door and four door 1.5L turbo and 2.0L vehicles.  The electric parking brake (EPB) may not engage if it is applied immediately after turning the ignition off.,"If the EPB is not applied, the vehicle may roll away, increasing the risk of a crash.","Honda will notify owners, and dealers will update the vehicle's software to allow the EPB to engage immediately after the ignition is turned off, free of charge.  The recall began on November 8, 2016.  Owners may contact Honda customer service at 1-888-234-2138.  Honda's number for this recall is KC6.",11/10/2016
16V074000,HONDA,CIVIC,2016,ENGINE AND ENGINE COOLING:ENGINE,"Honda (American Honda Motor Co.) is recalling certain model year 2016 Civic vehicles manufactured September 22, 2015, to February 3, 2016 and equipped with 2.0L engines.  The affected vehicles have engines with piston assemblies that may have been manufactured without a piston wrist pin circlip or with an incorrectly installed piston wrist pin circlip.","If a circlip is missing or incorrectly installed, the piston wrist pin may not be secure and may drift and damage the engine cylinder causing the engine to seize, and increasing the risk of a crash or a fire.","Honda will notify owners, and dealers will inspect and replace the piston assemblies and damaged engine components, as necessary, free of charge.  Parts are expected to be available in the Summer of 2016.  Owners were mailed an interim notification beginning March 31, 2016, and will be mailed a second notice when parts are available.  Owners may contact Honda customer service at 1-888-234-2138.  Honda's number for this recall is JX9.",09/02/2016
23V858000,HONDA,CIVIC,2016,"FUEL SYSTEM, GASOLINE:DELIVERY:FUEL PUMP","Honda (American Honda Motor Co.) is recalling certain 2013-2023 Honda Accord, Civic Coupe, Civic Sedan, Civic Hatchback, Civic Type R, CR-V, HR-V, Ridgeline, Odyssey, Acura ILX, MDX, MDX Hybrid, RDX, RLX, TLX, 2019-2022 Honda Insight, Passport, 2020 Honda CR-V Hybrid, 2018-2019 Honda Clarity PHEV, Fit, and 2015-2020 Honda Accord Hybrid, Pilot, Acura NSX vehicles.  The fuel pump inside the fuel tank may fail.","Fuel pump failure can cause an engine stall while driving, increasing the risk of a crash.","Dealers will replace the fuel pump module, free of charge.  Owner letters were mailed September 6, 2024.  Owners may contact Honda customer service at 1-888-234-2138.  Honda's numbers for this recall are KGC and KGD.  This recall is an expansion of NHTSA recall numbers 21V-215 and 20V-314.",18/12/2023
26V332000,HONDA,CIVIC,2016,AIR BAGS:SENSOR:OCCUPANT CLASSIFICATION:FRONT PASSENGER,"Honda (American Honda Motor Co.) is recalling certain 2018-2021, 2023 Acura TLX, 2019-2024 RDX, 2017-2020, 2022-2026 MDX, 2017-2021, 2023, 2025 Honda Ridgeline, 2017-2022 Pilot, 2019-2021 Passport, 2018-2026 Odyssey, 2019-2022 Insight, 2019-2021 HR-V, 2018-2020 Fit, 2020-2022 CR-V Hybrid, 2017-2022 CR-V, 2017-2018, 2021 Civic Type R, 2017-2021 Civic hatchback, 2016-2020 Civic coupe, 2016-2022 Civic, 2017-2022 Accord Hybrid, and 2016-2022 Accord vehicles. The front passenger seat weight sensor may crack and short circuit, which can cause the air bags to deploy unintentionally during a crash.",Air bags that deploy unintentionally during a crash increase the risk of injury.,"Dealers will replace the seat weight sensors, free of charge. Owner notification letters were mailed July 7, 2026. Owners may contact Honda's customer service at 1-888-234-2138. Honda's numbers for this recall are BOL, WO9, OOA, WOM, XOH, NOC, POD, BOE, UOF, POB, EOG, AOI, QO8, TOJ, DO7, and SOK. This recall expands previous NHTSA recall number 24V064. Vehicle Identification Numbers (VINs) involved in this recall will be searchable on NHTSA.gov beginning May 29, 2026.",21/05/2026
18V663000,HONDA,CIVIC,2017,STEERING:ELECTRIC POWER ASSIST SYSTEM,"Honda (American Honda Motor Co.) is recalling certain 2017-2018 Honda Civic and CR-V vehicles.  The magnet that controls the
torque sensor output signal for the electronic power steering system may not be properly secured, allowing the magnet to become dislodged.  During a full lock turn, the dislodged magnet may cause steering assist to be applied in the opposite direction.",The unintended steering input reduces vehicle maneuverability and increases the risk of a crash.,"Honda will notify owners, and dealers will replace the steering gearbox assembly, free of charge.  The recall began November 9, 2018.  Owners may contact Honda customer service at 1-888-234-2138.  Honda's numbers for this recall are C2N, P2O.",27/09/2018
18V817000,HONDA,CIVIC,2017,EQUIPMENT:OTHER:OWNERS/SERVICE/OTHER MANUAL,"Honda (American Honda Motor Co.) is recalling certain 2017-2018 Honda Civic Hatchback and Civic Type R vehicles.  The owners guide in these vehicles may not have been included or  if included, the owner's guide may not have been properly provided required information.  As such, these vehicles fail to comply with the requirements of Federal Motor Vehicle Safety Standard (FMVSS) number 225, ""Child Restraint Anchorage Systems.""","If the information is missing or improper, it can increase the risk of injury or a crash.","Honda will notify owners, and dealers will replace the owners information kit, free of charge.  The recall began January 9, 2019.  Owners may contact Honda customer service at 1-888-234-2138.  Honda's number for this recall is O3A.",16/11/2018
18V266000,HONDA,CIVIC,2017,AIR BAGS,"Honda (American Honda Motor Co.) is recalling certain 2017 Honda Civic Hatchback and Civic Type R vehicles.  Driver and front passenger seatback pads sold as replacement service parts were made without slit openings for the seat-mounted side air bags. In the event of a crash necessitating air bag deployment, the seatback pad would interfere and adversely affect air bag performance.  As such, these vehicles fail to comply with the requirements of Federal Motor Vehicle Safety Standard (FMVSS) number 214, ""Side Impact Protection.""","If the seat-mounted air bags cannot not deploy correctly in the event of a crash, there would be an increased risk of injury.","Honda will notify owners, and dealers will replace the front seatback pads, free of charge.  The recall began June 15, 2018.  Owners may contact Honda customer service at 1-888-234-2138.  Honda's number for this recall is E1D, U1B, and X1C.",26/04/2018
17V706000,HONDA,CIVIC,2017,POWER TRAIN:DRIVELINE:DRIVESHAFT,"Honda (American Honda Motor Co.) is recalling certain 2017 Honda Civic Sedan and Coupe vehicles.  The right halfshaft may have been improperly heat treated, reducing its strength.","The improper heat treatment can result in the halfshaft breaking, preventing the engine from moving the vehicle, and can allow a possible roll away situation if the parking brake is not engaged.  This can increase the risk of a crash.","Honda will notify owners, and dealers will inspect the halfshaft's serial number, replacing it as necessary and aligning the front wheels, free of charge.  The recall began December 8, 2017.  Owners may contact Honda customer service at 1-888-234-2138.  Honda's number for this recall is K0E.",09/11/2017
23V858000,HONDA,CIVIC,2017,"FUEL SYSTEM, GASOLINE:DELIVERY:FUEL PUMP","Honda (American Honda Motor Co.) is recalling certain 2013-2023 Honda Accord, Civic Coupe, Civic Sedan, Civic Hatchback, Civic Type R, CR-V, HR-V, Ridgeline, Odyssey, Acura ILX, MDX, MDX Hybrid, RDX, RLX, TLX, 2019-2022 Honda Insight, Passport, 2020 Honda CR-V Hybrid, 2018-2019 Honda Clarity PHEV, Fit, and 2015-2020 Honda Accord Hybrid, Pilot, Acura NSX vehicles.  The fuel pump inside the fuel tank may fail.","Fuel pump failure can cause an engine stall while driving, increasing the risk of a crash.","Dealers will replace the fuel pump module, free of charge.  Owner letters were mailed September 6, 2024.  Owners may contact Honda customer service at 1-888-234-2138.  Honda's numbers for this recall are KGC and KGD.  This recall is an expansion of NHTSA recall numbers 21V-215 and 20V-314.",18/12/2023
26V332000,HONDA,CIVIC,2017,AIR BAGS:SENSOR:OCCUPANT CLASSIFICATION:FRONT PASSENGER,"Honda (American Honda Motor Co.) is recalling certain 2018-2021, 2023 Acura TLX, 2019-2024 RDX, 2017-2020, 2022-2026 MDX, 2017-2021, 2023, 2025 Honda Ridgeline, 2017-2022 Pilot, 2019-2021 Passport, 2018-2026 Odyssey, 2019-2022 Insight, 2019-2021 HR-V, 2018-2020 Fit, 2020-2022 CR-V Hybrid, 2017-2022 CR-V, 2017-2018, 2021 Civic Type R, 2017-2021 Civic hatchback, 2016-2020 Civic coupe, 2016-2022 Civic, 2017-2022 Accord Hybrid, and 2016-2022 Accord vehicles. The front passenger seat weight sensor may crack and short circuit, which can cause the air bags to deploy unintentionally during a crash.",Air bags that deploy unintentionally during a crash increase the risk of injury.,"Dealers will replace the seat weight sensors, free of charge. Owner notification letters were mailed July 7, 2026. Owners may contact Honda's customer service at 1-888-234-2138. Honda's numbers for this recall are BOL, WO9, OOA, WOM, XOH, NOC, POD, BOE, UOF, POB, EOG, AOI, QO8, TOJ, DO7, and SOK. This recall expands previous NHTSA recall number 24V064. Vehicle Identification Numbers (VINs) involved in this recall will be searchable on NHTSA.gov beginning May 29, 2026.",21/05/2026
20V314000,HONDA,CIVIC,2018,"FUEL SYSTEM, GASOLINE:DELIVERY:FUEL PUMP","Honda (American Honda Motor Co.) is recalling certain 2018-2019 Acura NSX, 2019 Acura RDX, RLX and RLX Sport Hybrid, 2018-2019 Honda Accord, Civic Hatchback, Civic Type R and HR-V, 2019-2020 Insight and 2019 Fit vehicles.  The low-pressure fuel pump inside the fuel tank may fail.","If the fuel pump fails, the engine can stall while driving, increasing the risk of a crash.","Honda will notify owners and dealers will replace the fuel pump assembly, free of charge.  The recall began July 22, 2020.  Owners may contact Honda customer service at 1-888-234-2138.",28/05/2020
18V421000,HONDA,CIVIC,2018,EQUIPMENT:OTHER:LABELS,Honda (American Honda Motor Co.) is recalling certain 2018 Honda Civic vehicles.  The manufacturing date area of the certification labels may have random characters which can affect the owner's ability to determine if a safety recall includes their vehicle.,"If the owner is not able to verify if their vehicle is involved in safety recall, it can increase the risk of injury or crash.","Honda will notify owners, and dealers will replace the certification label, free of charge.  The recall began August 7, 2018.  Owners may contact Honda customer service at 1-888-234-2138.  Honda's number for this recall is U23.",20/06/2018
18V663000,HONDA,CIVIC,2018,STEERING:ELECTRIC POWER ASSIST SYSTEM,"Honda (American Honda Motor Co.) is recalling certain 2017-2018 Honda Civic and CR-V vehicles.  The magnet that controls the
torque sensor output signal for the electronic power steering system may not be properly secured, allowing the magnet to become dislodged.  During a full lock turn, the dislodged magnet may cause steering assist to be applied in the opposite direction.",The unintended steering input reduces vehicle maneuverability and increases the risk of a crash.,"Honda will notify owners, and dealers will replace the steering gearbox assembly, free of charge.  The recall began November 9, 2018.  Owners may contact Honda customer service at 1-888-234-2138.  Honda's numbers for this recall are C2N, P2O.",27/09/2018
18V817000,HONDA,CIVIC,2018,EQUIPMENT:OTHER:OWNERS/SERVICE/OTHER MANUAL,"Honda (American Honda Motor Co.) is recalling certain 2017-2018 Honda Civic Hatchback and Civic Type R vehicles.  The owners guide in these vehicles may not have been included or  if included, the owner's guide may not have been properly provided required information.  As such, these vehicles fail to comply with the requirements of Federal Motor Vehicle Safety Standard (FMVSS) number 225, ""Child Restraint Anchorage Systems.""","If the information is missing or improper, it can increase the risk of injury or a crash.","Honda will notify owners, and dealers will replace the owners information kit, free of charge.  The recall began January 9, 2019.  Owners may contact Honda customer service at 1-888-234-2138.  Honda's number for this recall is O3A.",16/11/2018
23V858000,HONDA,CIVIC,2018,"FUEL SYSTEM, GASOLINE:DELIVERY:FUEL PUMP","Honda (American Honda Motor Co.) is recalling certain 2013-2023 Honda Accord, Civic Coupe, Civic Sedan, Civic Hatchback, Civic Type R, CR-V, HR-V, Ridgeline, Odyssey, Acura ILX, MDX, MDX Hybrid, RDX, RLX, TLX, 2019-2022 Honda Insight, Passport, 2020 Honda CR-V Hybrid, 2018-2019 Honda Clarity PHEV, Fit, and 2015-2020 Honda Accord Hybrid, Pilot, Acura NSX vehicles.  The fuel pump inside the fuel tank may fail.","Fuel pump failure can cause an engine stall while driving, increasing the risk of a crash.","Dealers will replace the fuel pump module, free of charge.  Owner letters were mailed September 6, 2024.  Owners may contact Honda customer service at 1-888-234-2138.  Honda's numbers for this recall are KGC and KGD.  This recall is an expansion of NHTSA recall numbers 21V-215 and 20V-314.",18/12/2023
26V332000,HONDA,CIVIC,2018,AIR BAGS:SENSOR:OCCUPANT CLASSIFICATION:FRONT PASSENGER,"Honda (American Honda Motor Co.) is recalling certain 2018-2021, 2023 Acura TLX, 2019-2024 RDX, 2017-2020, 2022-2026 MDX, 2017-2021, 2023, 2025 Honda Ridgeline, 2017-2022 Pilot, 2019-2021 Passport, 2018-2026 Odyssey, 2019-2022 Insight, 2019-2021 HR-V, 2018-2020 Fit, 2020-2022 CR-V Hybrid, 2017-2022 CR-V, 2017-2018, 2021 Civic Type R, 2017-2021 Civic hatchback, 2016-2020 Civic coupe, 2016-2022 Civic, 2017-2022 Accord Hybrid, and 2016-2022 Accord vehicles. The front passenger seat weight sensor may crack and short circuit, which can cause the air bags to deploy unintentionally during a crash.",Air bags that deploy unintentionally during a crash increase the risk of injury.,"Dealers will replace the seat weight sensors, free of charge. Owner notification letters were mailed July 7, 2026. Owners may contact Honda's customer service at 1-888-234-2138. Honda's numbers for this recall are BOL, WO9, OOA, WOM, XOH, NOC, POD, BOE, UOF, POB, EOG, AOI, QO8, TOJ, DO7, and SOK. This recall expands previous NHTSA recall number 24V064. Vehicle Identification Numbers (VINs) involved in this recall will be searchable on NHTSA.gov beginning May 29, 2026.",21/05/2026
20V314000,HONDA,CIVIC,2019,"FUEL SYSTEM, GASOLINE:DELIVERY:FUEL PUMP","Honda (American Honda Motor Co.) is recalling certain 2018-2019 Acura NSX, 2019 Acura RDX, RLX and RLX Sport Hybrid, 2018-2019 Honda Accord, Civic Hatchback, Civic Type R and HR-V, 2019-2020 Insight and 2019 Fit vehicles.  The low-pressure fuel pump inside the fuel tank may fail.","If the fuel pump fails, the engine can stall while driving, increasing the risk of a crash.","Honda will notify owners and dealers will replace the fuel pump assembly, free of charge.  The recall began July 22, 2020.  Owners may contact Honda customer service at 1-888-234-2138.",28/05/2020
21V215000,HONDA,CIVIC,2019,"FUEL SYSTEM, GASOLINE:DELIVERY:FUEL PUMP","Honda (American Honda Motor Co.) is recalling certain 2019-2020 Acura MDX, MDX Sport Hybrid, RDX, TLX, Honda Accord, Civic Hatchback, Insight, 2019 Acura ILX, Honda Accord Hybrid, Civic Coupe, Civic Coupe Si, Civic Sedan, Civic Sedan Si, Civic Type R, Fit, HR-V, Odyssey, Passport, Pilot and Ridgeline, and 2018-2019 CR-V vehicles.  The low-pressure fuel pump inside the fuel tank may fail.","Fuel pump failure can cause an engine stall while driving, increasing the risk of a crash.","Honda will notify owners, and dealers will replace the fuel pump assembly, free of charge.  Owner letters were mailed May 18, 2021.  Owners may contact Honda customer service at 1-888-234-2138.  Note: This recall is an expansion of recall 20V-314.",25/03/2021
23V858000,HONDA,CIVIC,2019,"FUEL SYSTEM, GASOLINE:DELIVERY:FUEL PUMP","Honda (American Honda Motor Co.) is recalling certain 2013-2023 Honda Accord, Civic Coupe, Civic Sedan, Civic Hatchback, Civic Type R, CR-V, HR-V, Ridgeline, Odyssey, Acura ILX, MDX, MDX Hybrid, RDX, RLX, TLX, 2019-2022 Honda Insight, Passport, 2020 Honda CR-V Hybrid, 2018-2019 Honda Clarity PHEV, Fit, and 2015-2020 Honda Accord Hybrid, Pilot, Acura NSX vehicles.  The fuel pump inside the fuel tank may fail.","Fuel pump failure can cause an engine stall while driving, increasing the risk of a crash.","Dealers will replace the fuel pump module, free of charge.  Owner letters were mailed September 6, 2024.  Owners may contact Honda customer service at 1-888-234-2138.  Honda's numbers for this recall are KGC and KGD.  This recall is an expansion of NHTSA recall numbers 21V-215 and 20V-314.",18/12/2023
26V332000,HONDA,CIVIC,2019,AIR BAGS:SENSOR:OCCUPANT CLASSIFICATION:FRONT PASSENGER,"Honda (American Honda Motor Co.) is recalling certain 2018-2021, 2023 Acura TLX, 2019-2024 RDX, 2017-2020, 2022-2026 MDX, 2017-2021, 2023, 2025 Honda Ridgeline, 2017-2022 Pilot, 2019-2021 Passport, 2018-2026 Odyssey, 2019-2022 Insight, 2019-2021 HR-V, 2018-2020 Fit, 2020-2022 CR-V Hybrid, 2017-2022 CR-V, 2017-2018, 2021 Civic Type R, 2017-2021 Civic hatchback, 2016-2020 Civic coupe, 2016-2022 Civic, 2017-2022 Accord Hybrid, and 2016-2022 Accord vehicles. The front passenger seat weight sensor may crack and short circuit, which can cause the air bags to deploy unintentionally during a crash.",Air bags that deploy unintentionally during a crash increase the risk of injury.,"Dealers will replace the seat weight sensors, free of charge. Owner notification letters were mailed July 7, 2026. Owners may contact Honda's customer service at 1-888-234-2138. Honda's numbers for this recall are BOL, WO9, OOA, WOM, XOH, NOC, POD, BOE, UOF, POB, EOG, AOI, QO8, TOJ, DO7, and SOK. This recall expands previous NHTSA recall number 24V064. Vehicle Identification Numbers (VINs) involved in this recall will be searchable on NHTSA.gov beginning May 29, 2026.",21/05/2026
16V244000,NISSAN,SENTRA,2015,AIR BAGS:SENSOR:OCCUPANT CLASSIFICATION,"Nissan North America, Inc. (Nissan) is recalling certain model year 2016-2017 Nissan Maxima, 2013-2016 Nissan Altima, NV200, LEAF, Sentra, and Pathfinder, 2014-2016 Nissan NV200 Taxi, Infiniti QX60, QX60 Hybrid, and Q50 Hybrid, 2014-2017 Nissan Rogue and Infiniti Q50, 2015-2016 Nissan Murano, Murano Hybrid, and Chevrolet City Express, 2014-2015 Nissan Pathfinder Hybrid, and 2013 Infiniti JX35 vehicles.  In these vehicles, the front seat passenger Occupant Classification System (OCS) may incorrectly classify an adult passenger as a child or classify the seat as empty despite it being occupied.  As a result, the passenger frontal air bag may be turned off and not deploy in the event of a crash.","If the passenger frontal air bag does not deploy as intended in the event of a crash, the passenger is at an increased risk of injury.","Nissan will notify their owners.  Chevrolet City Express owners will be notified by General Motors.  Dealers will reprogram the Air Bag Control Unit (ACU) and OCS Electronic Control Unit (ECU) in Altima, Maxima, Murano, Rogue, and Sentra vehicles, and replace the OCS ECU in LEAF, NV200, NV200 Taxi, Pathfinder, Infiniti Q50, JX35, and QX60 and Chevrolet City Express vehicles, free of charge.  Interim notices were sent to owners on May 31, 2016.  Owners will receive a second notice when remedy parts become available.  Owners may contact Nissan customer service at 1-800-867-7669, Infiniti customer service at 1-888-833-3216 or Chevrolet customer service at 1-800-222-1020.",26/04/2016
15V453000,NISSAN,SENTRA,2015,LATCHES/LOCKS/LINKAGES,"Nissan North America, Inc. (Nissan) is recalling certain model year 2015 Nissan Rogue vehicles manufactured June 9, 2015, to June 10, 2015, and 2015 Nissan Sentra and Versa Note vehicles manufactured June 5, 2015, to June 13, 2015.  In the affected vehicles, the driver side front and rear doors may not fully latch.  As such, these vehicles fail to comply with the requirements of Federal Motor Vehicle Safety Standard (FMVSS) number 206, ""Door Locks and Door Retention Components.""","A door that does not fully latch may result in the door opening while the car is moving.  The distraction may increase the risk of a crash and/or a vehicle occupant may fall out of the vehicle if they are not wearing a seatbelt, increasing their risk of injury.","Nissan will notify owners, and dealers will inspect the date, lot number, and cavity code on the left front and rear door latches, and replace them, as necessary, free of charge.  The recall began on August 31, 2015.  Owners may contact Nissan customer service at 1-800-647-7261.",21/07/2015
16V242000,NISSAN,SENTRA,2015,AIR BAGS:SENSOR:OCCUPANT CLASSIFICATION,"Nissan North America, Inc. (Nissan) is recalling certain model year 2013-2016 Sentra vehicles manufactured June 4, 2012, to April 9, 2016.  The front passenger seat belt bracket may become deformed if it is used to secure a Child Restraint System (CRS).  The deformed seat bracket may cause the Occupant Classification System (OCS) to incorrectly classify the installed CRS, resulting in the front passenger air bag to not be turned off as designed when a CRS is in the seat.","If the frontal passenger air bag deploys in the event of a crash when a child seat is installed in the front passenger seat, there will be an increased risk of injury to the child in the CRS.","Nissan will notify owners, and dealers will reinforce the seat belt bracket as well as reprogram the Air Bag Control Unit (ACU) and OCS Electronic Control Unit (ECU), free of charge.  The recall began on June 13, 2016.  Owners are warned not to install a CRS in the front seat.  Owners may contact Nissan customer service at 1-800-867-7669.",26/04/2016
17V253000,NISSAN,SENTRA,2016,AIR BAGS,"Nissan North America, Inc. (Nissan) is recalling certain 2015-2017 LEAF and 2014, 2016 and 2017 Sentra vehicles.  Due to a manufacturing error within the air bag inflators, the passenger frontal air bag may not properly deploy in the event of a crash.","In the event of a crash, if the front passenger air bag doesn't deploy properly, it can increase the risk of injury to passengers.","Nissan will notify owners, and dealers will replace the front passenger air bag inflator, free of charge.  The recall began June 7, 2017.  Owners may contact Nissan customer service at 1-800-647-7261.",13/04/2017
16V436000,NISSAN,SENTRA,2016,AIR BAGS:FRONTAL:PASSENGER SIDE:INFLATOR MODULE,"Nissan North America, Inc. (Nissan) is recalling certain model year 2016 LEAF vehicles manufactured February 24, 2016, to March 23, 2016, and Sentra vehicles manufactured February 9, 2016, to March 4, 2016.  The wiring harness connector may disconnect from the dual-stage passenger air bag.","If the wiring harness disconnects, the passenger air bag may not to deploy during a crash, increasing the risk of injury.","Nissan will notify owners, and dealers will inspect the wiring harness connector for proper engagement and, if necessary, replace the passenger air bag module and main body harness, free of charge.  The recall began on August 9, 2016.  Owners may contact Nissan customer service at 1-800-647-7261.",15/06/2016
16V485000,NISSAN,SENTRA,2016,ELECTRICAL SYSTEM:WIRING,"Nissan North America, Inc. (Nissan) is recalling certain model year 2016 Sentra vehicles manufactured April 11, 2016, through April 26, 2016. The engine room harness may have a terminal pin too large to maintain a connection with the Engine Control Unit (ECU).","If the engine room harness loses connection to the ECU, the vehicle may not start or the engine may stall, increasing the risk of a crash.","Nissan will notify owners, and dealers will replace the terminal pin on the engine room harness, free of charge.  The recall began on August 15, 2016. Owners may contact Nissan customer service at 1-800-647-7261.",29/06/2016
16V244000,NISSAN,SENTRA,2016,AIR BAGS:SENSOR:OCCUPANT CLASSIFICATION,"Nissan North America, Inc. (Nissan) is recalling certain model year 2016-2017 Nissan Maxima, 2013-2016 Nissan Altima, NV200, LEAF, Sentra, and Pathfinder, 2014-2016 Nissan NV200 Taxi, Infiniti QX60, QX60 Hybrid, and Q50 Hybrid, 2014-2017 Nissan Rogue and Infiniti Q50, 2015-2016 Nissan Murano, Murano Hybrid, and Chevrolet City Express, 2014-2015 Nissan Pathfinder Hybrid, and 2013 Infiniti JX35 vehicles.  In these vehicles, the front seat passenger Occupant Classification System (OCS) may incorrectly classify an adult passenger as a child or classify the seat as empty despite it being occupied.  As a result, the passenger frontal air bag may be turned off and not deploy in the event of a crash.","If the passenger frontal air bag does not deploy as intended in the event of a crash, the passenger is at an increased risk of injury.","Nissan will notify their owners.  Chevrolet City Express owners will be notified by General Motors.  Dealers will reprogram the Air Bag Control Unit (ACU) and OCS Electronic Control Unit (ECU) in Altima, Maxima, Murano, Rogue, and Sentra vehicles, and replace the OCS ECU in LEAF, NV200, NV200 Taxi, Pathfinder, Infiniti Q50, JX35, and QX60 and Chevrolet City Express vehicles, free of charge.  Interim notices were sent to owners on May 31, 2016.  Owners will receive a second notice when remedy parts become available.  Owners may contact Nissan customer service at 1-800-867-7669, Infiniti customer service at 1-888-833-3216 or Chevrolet customer service at 1-800-222-1020.",26/04/2016
16V242000,NISSAN,SENTRA,2016,AIR BAGS:SENSOR:OCCUPANT CLASSIFICATION,"Nissan North America, Inc. (Nissan) is recalling certain model year 2013-2016 Sentra vehicles manufactured June 4, 2012, to April 9, 2016.  The front passenger seat belt bracket may become deformed if it is used to secure a Child Restraint System (CRS).  The deformed seat bracket may cause the Occupant Classification System (OCS) to incorrectly classify the installed CRS, resulting in the front passenger air bag to not be turned off as designed when a CRS is in the seat.","If the frontal passenger air bag deploys in the event of a crash when a child seat is installed in the front passenger seat, there will be an increased risk of injury to the child in the CRS.","Nissan will notify owners, and dealers will reinforce the seat belt bracket as well as reprogram the Air Bag Control Unit (ACU) and OCS Electronic Control Unit (ECU), free of charge.  The recall began on June 13, 2016.  Owners are warned not to install a CRS in the front seat.  Owners may contact Nissan customer service at 1-800-867-7669.",26/04/2016
21V135000,NISSAN,SENTRA,2016,EXTERIOR LIGHTING:BRAKE LIGHTS:SWITCH,"Nissan North America, Inc. (Nissan) is recalling certain 2016-2019 Nissan Sentra vehicles.  The brake light switch may become contaminated, preventing the circuit from closing and the brake lights from illuminating.","The brake lights may not illuminate, increasing the risk of a crash.","Dealers will replace the brake light switch and install a protective grommet, free of charge.  Owner notification letters were mailed July 1, 2022.  Owners may contact Nissan customer service at 1-800867-7769.  Nissan's number for this recall is PM971.",03/03/2021
18V551000,NISSAN,SENTRA,2017,ELECTRICAL SYSTEM:IGNITION,"Nissan North America, Inc. (Nissan) is recalling certain 2017 Nissan NV200, Sentra, NV3500 Van, NV3500 Bus, NV200 Taxi, NV1500, NV2500 Van, Chevrolet City Express, 2017-2018 Frontier, Versa Note, and Versa Sedan vehicles that have a mechanical (physical) key ignition system.  In these models, over time, the weight on the key ring and road conditions or some other jarring event may cause the ignition switch to move out of the run position to the accessory position, turning off the engine.","If the vehicle stalls, it can increase the risk of a crash.","Nissan will notify owners, and dealers will inspect the production information on the ignition switch, and replace it as necessary, free of charge.  The recall began October 1, 2018.  Owners may contact Nissan customer service at 1-800-867-7669.",21/08/2018
17V253000,NISSAN,SENTRA,2017,AIR BAGS,"Nissan North America, Inc. (Nissan) is recalling certain 2015-2017 LEAF and 2014, 2016 and 2017 Sentra vehicles.  Due to a manufacturing error within the air bag inflators, the passenger frontal air bag may not properly deploy in the event of a crash.","In the event of a crash, if the front passenger air bag doesn't deploy properly, it can increase the risk of injury to passengers.","Nissan will notify owners, and dealers will replace the front passenger air bag inflator, free of charge.  The recall began June 7, 2017.  Owners may contact Nissan customer service at 1-800-647-7261.",13/04/2017
21V135000,NISSAN,SENTRA,2017,EXTERIOR LIGHTING:BRAKE LIGHTS:SWITCH,"Nissan North America, Inc. (Nissan) is recalling certain 2016-2019 Nissan Sentra vehicles.  The brake light switch may become contaminated, preventing the circuit from closing and the brake lights from illuminating.","The brake lights may not illuminate, increasing the risk of a crash.","Dealers will replace the brake light switch and install a protective grommet, free of charge.  Owner notification letters were mailed July 1, 2022.  Owners may contact Nissan customer service at 1-800867-7769.  Nissan's number for this recall is PM971.",03/03/2021
19V654000,NISSAN,SENTRA,2018,BACK OVER PREVENTION: SENSING SYSTEM: CAMERA,"Nissan North America, Inc. (Nissan) is recalling certain 2018-2019 Nissan Altima, Armada, Frontier, Kicks, Leaf, Maxima, Murano, NV, NV200, Pathfinder, Rogue, Rogue Sport, Sentra, Titan, Titan Diesel, Versa Note and Versa Sedan vehicles, as well as Infiniti Q50, Q60, QX30 and QX80 vehicles.  Additionally included are 2019 Nissan GT-R and Taxi and Infiniti QX50, QX60, Q70, Q70L vehicles.  The back-up camera and display settings can be adjusted such that the rear view image is no longer visible and the system will retain that setting the next time the vehicle is placed in reverse.  As such, these vehicles fail to comply with the requirements of Federal Motor Vehicle Safety Standard (FMVSS) number 111, ""Rear Visibility.""",The lack of an image in the back-up camera display increases the risk of a crash.,"Nissan will notify owners in phases, having dealers update the back-up camera settings software, free of charge.  The recall began November 11, 2019 and all affected VINs should be activated.  Owners may contact Nissan customer service at 1-800-867-7669 or INFINITI customer service at 1-800-662-6200.",12/09/2019
21V135000,NISSAN,SENTRA,2018,EXTERIOR LIGHTING:BRAKE LIGHTS:SWITCH,"Nissan North America, Inc. (Nissan) is recalling certain 2016-2019 Nissan Sentra vehicles.  The brake light switch may become contaminated, preventing the circuit from closing and the brake lights from illuminating.","The brake lights may not illuminate, increasing the risk of a crash.","Dealers will replace the brake light switch and install a protective grommet, free of charge.  Owner notification letters were mailed July 1, 2022.  Owners may contact Nissan customer service at 1-800867-7769.  Nissan's number for this recall is PM971.",03/03/2021
21V135000,NISSAN,SENTRA,2019,EXTERIOR LIGHTING:BRAKE LIGHTS:SWITCH,"Nissan North America, Inc. (Nissan) is recalling certain 2016-2019 Nissan Sentra vehicles.  The brake light switch may become contaminated, preventing the circuit from closing and the brake lights from illuminating.","The brake lights may not illuminate, increasing the risk of a crash.","Dealers will replace the brake light switch and install a protective grommet, free of charge.  Owner notification letters were mailed July 1, 2022.  Owners may contact Nissan customer service at 1-800867-7769.  Nissan's number for this recall is PM971.",03/03/2021
19V654000,NISSAN,SENTRA,2019,BACK OVER PREVENTION: SENSING SYSTEM: CAMERA,"Nissan North America, Inc. (Nissan) is recalling certain 2018-2019 Nissan Altima, Armada, Frontier, Kicks, Leaf, Maxima, Murano, NV, NV200, Pathfinder, Rogue, Rogue Sport, Sentra, Titan, Titan Diesel, Versa Note and Versa Sedan vehicles, as well as Infiniti Q50, Q60, QX30 and QX80 vehicles.  Additionally included are 2019 Nissan GT-R and Taxi and Infiniti QX50, QX60, Q70, Q70L vehicles.  The back-up camera and display settings can be adjusted such that the rear view image is no longer visible and the system will retain that setting the next time the vehicle is placed in reverse.  As such, these vehicles fail to comply with the requirements of Federal Motor Vehicle Safety Standard (FMVSS) number 111, ""Rear Visibility.""",The lack of an image in the back-up camera display increases the risk of a crash.,"Nissan will notify owners in phases, having dealers update the back-up camera settings software, free of charge.  The recall began November 11, 2019 and all affected VINs should be activated.  Owners may contact Nissan customer service at 1-800-867-7669 or INFINITI customer service at 1-800-662-6200.",12/09/2019
20V024000,TOYOTA,COROLLA,2015,AIR BAGS: AIR BAG/RESTRAINT CONTROL MODULE,"Toyota Motor Engineering & Manufacturing  (Toyota) is recalling certain 2011-2019 Corolla, 2011-2013 Matrix, 2012-2018 Avalon, and 2013-2018 Avalon Hybrid vehicles.  During certain crashes, the air bag electronic control unit (ECU) may malfunction, possibly disabling the deployment of the air bags and/or seat belt pretensioners.","In the event of a crash, air bags and/or seat belt pretensioners that do not deploy as intended may increase the risk of injury.","Toyota will notify owners, and dealers will inspect the ECU and install a noise filter between the air bag control module and its wire harness, as necessary, free of charge.  Owners were notified of the safety risk beginning March 2, 2020.  A second letter notifying owners of the remedy repair will be mailed between March 16, 2020 and June 27, 2020.  Owners may contact Toyota customer service at 1-888-270-9371.  Toyota's numbers for this recall are 20TB03, 20TA03 and 20TA05.",17/01/2020
20V024000,TOYOTA,COROLLA,2016,AIR BAGS: AIR BAG/RESTRAINT CONTROL MODULE,"Toyota Motor Engineering & Manufacturing  (Toyota) is recalling certain 2011-2019 Corolla, 2011-2013 Matrix, 2012-2018 Avalon, and 2013-2018 Avalon Hybrid vehicles.  During certain crashes, the air bag electronic control unit (ECU) may malfunction, possibly disabling the deployment of the air bags and/or seat belt pretensioners.","In the event of a crash, air bags and/or seat belt pretensioners that do not deploy as intended may increase the risk of injury.","Toyota will notify owners, and dealers will inspect the ECU and install a noise filter between the air bag control module and its wire harness, as necessary, free of charge.  Owners were notified of the safety risk beginning March 2, 2020.  A second letter notifying owners of the remedy repair will be mailed between March 16, 2020 and June 27, 2020.  Owners may contact Toyota customer service at 1-888-270-9371.  Toyota's numbers for this recall are 20TB03, 20TA03 and 20TA05.",17/01/2020
20V024000,TOYOTA,COROLLA,2017,AIR BAGS: AIR BAG/RESTRAINT CONTROL MODULE,"Toyota Motor Engineering & Manufacturing  (Toyota) is recalling certain 2011-2019 Corolla, 2011-2013 Matrix, 2012-2018 Avalon, and 2013-2018 Avalon Hybrid vehicles.  During certain crashes, the air bag electronic control unit (ECU) may malfunction, possibly disabling the deployment of the air bags and/or seat belt pretensioners.","In the event of a crash, air bags and/or seat belt pretensioners that do not deploy as intended may increase the risk of injury.","Toyota will notify owners, and dealers will inspect the ECU and install a noise filter between the air bag control module and its wire harness, as necessary, free of charge.  Owners were notified of the safety risk beginning March 2, 2020.  A second letter notifying owners of the remedy repair will be mailed between March 16, 2020 and June 27, 2020.  Owners may contact Toyota customer service at 1-888-270-9371.  Toyota's numbers for this recall are 20TB03, 20TA03 and 20TA05.",17/01/2020
19V503000,TOYOTA,COROLLA,2017,EQUIPMENT:OTHER:LABELS,"Southeast Toyota Distributors, LLC (SET) is recalling certain 2017-2019 Toyota Camry, Corolla, Rav4, Sienna, and Yaris iA vehicles equipped with factory-installed floor mats.  The load carrying capacity modification label may be incorrect.  As such, these vehicles fail to comply with the requirements of Federal Motor Vehicle Safety Standard (FMVSS) number 110, ""Tire Selection and Rims.""","An incorrect label may lead to unintentionally overloading the vehicle, increasing the risk of a crash.","SET will notify owners and provide a corrected label for placement over the inaccurate label, free of charge.  The recall began August 23, 2019.  Owners may contact Toyota customer service at 1-888-270-9371.  SET's number for this recall is SET19A.",28/06/2019
17V295000,TOYOTA,COROLLA,2017,TIRES:TEMPORARY/EMERGENCY SPARE TIRE,"Gulf States Toyota, Inc. (Gulf States) is recalling certain 2017 4Runner , 86, Avalon, Camry, Camry Hybrid, Corolla, Corolla iM, Highlander, Highlander Hybrid, Prius, Prius C, RAV4, RAV4 Hybrid, Sienna  and Yaris vehicles.  The spare tire air pressure was not adjusted to the proper pressure as stated on the Tire Pressure Label.","A spare tire that is not inflated to the proper value may not perform as intended, increasing the risk of a crash.","Gulf States will notify owners, and dealers will inspect the spare tires, adjusting their pressure as necessary, free of charge.  The recall began June 15, 2017.  Owners may contact Gulf States customer service at 1-800-444-1074.  Toyota's number for this recall is 17R2.",02/05/2017
19V503000,TOYOTA,COROLLA,2018,EQUIPMENT:OTHER:LABELS,"Southeast Toyota Distributors, LLC (SET) is recalling certain 2017-2019 Toyota Camry, Corolla, Rav4, Sienna, and Yaris iA vehicles equipped with factory-installed floor mats.  The load carrying capacity modification label may be incorrect.  As such, these vehicles fail to comply with the requirements of Federal Motor Vehicle Safety Standard (FMVSS) number 110, ""Tire Selection and Rims.""","An incorrect label may lead to unintentionally overloading the vehicle, increasing the risk of a crash.","SET will notify owners and provide a corrected label for placement over the inaccurate label, free of charge.  The recall began August 23, 2019.  Owners may contact Toyota customer service at 1-888-270-9371.  SET's number for this recall is SET19A.",28/06/2019
20V024000,TOYOTA,COROLLA,2018,AIR BAGS: AIR BAG/RESTRAINT CONTROL MODULE,"Toyota Motor Engineering & Manufacturing  (Toyota) is recalling certain 2011-2019 Corolla, 2011-2013 Matrix, 2012-2018 Avalon, and 2013-2018 Avalon Hybrid vehicles.  During certain crashes, the air bag electronic control unit (ECU) may malfunction, possibly disabling the deployment of the air bags and/or seat belt pretensioners.","In the event of a crash, air bags and/or seat belt pretensioners that do not deploy as intended may increase the risk of injury.","Toyota will notify owners, and dealers will inspect the ECU and install a noise filter between the air bag control module and its wire harness, as necessary, free of charge.  Owners were notified of the safety risk beginning March 2, 2020.  A second letter notifying owners of the remedy repair will be mailed between March 16, 2020 and June 27, 2020.  Owners may contact Toyota customer service at 1-888-270-9371.  Toyota's numbers for this recall are 20TB03, 20TA03 and 20TA05.",17/01/2020
20V012000,TOYOTA,COROLLA,2018,"FUEL SYSTEM, GASOLINE:DELIVERY:FUEL PUMP","Toyota Motor Engineering & Manufacturing (Toyota) recalled certain 2018-2019 4Runner, Highlander, Camry, Land Cruiser, Sequoia, Sienna, Tacoma and Tundra, and Lexus RC 300, RC 350, GS 350, GX 460, IS 300, LC 500, LS 500, LX 570, RX 350L, and 2019 Toyota Avalon and Corolla, and certain Lexus NX 300, and ES 350 vehicles on January 13, 2020. 
On March 4, 2020, Toyota expanded the recall to include certain 2014-2015 Toyota 4Runner and Land Cruiser, 2018 Avalon, Corolla, 2014 FJ Cruiser, 2017 Sienna and Lexus 2018 ES 350, 2018-2019 GS 300, 2013-2014 GS350, 2014-2015 GX 460, IS 350 and LX 570, 2014 IS F, 2018-2019 IS 350, LC 500H and LS 500H, 2013-2015 LS 460, 2015 NX 200T and RC350, 2017 RC 200T and RX 350.  Toyota also removed the 2018-2019 Toyota 4Runner and Land Cruiser and 2018-2019 Lexus GX 460 and LX 570 and 2019 NX300 from inclusion in this recall.  On March 19, 2020, Toyota expanded the recall to include 2015 Lexus GS350 vehicles.  The low-pressure fuel pump inside the fuel tank may fail.","If the fuel pump fails, the engine can stall while driving, increasing the risk of a crash.","Toyota will notify owners, and dealers will replace the fuel pump, free of charge.  The recall began May 4, 2020.  Owners may contact Toyota customer service at 1-888-270-9371 or Lexus customer service at 1-800-255-3987.  Toyota's numbers for this recall are 20TB02 and 20TA02 for Toyota vehicles and 20LB01 and 20LA01 for Lexus vehicles.",13/01/2020
20V024000,TOYOTA,COROLLA,2019,AIR BAGS: AIR BAG/RESTRAINT CONTROL MODULE,"Toyota Motor Engineering & Manufacturing  (Toyota) is recalling certain 2011-2019 Corolla, 2011-2013 Matrix, 2012-2018 Avalon, and 2013-2018 Avalon Hybrid vehicles.  During certain crashes, the air bag electronic control unit (ECU) may malfunction, possibly disabling the deployment of the air bags and/or seat belt pretensioners.","In the event of a crash, air bags and/or seat belt pretensioners that do not deploy as intended may increase the risk of injury.","Toyota will notify owners, and dealers will inspect the ECU and install a noise filter between the air bag control module and its wire harness, as necessary, free of charge.  Owners were notified of the safety risk beginning March 2, 2020.  A second letter notifying owners of the remedy repair will be mailed between March 16, 2020 and June 27, 2020.  Owners may contact Toyota customer service at 1-888-270-9371.  Toyota's numbers for this recall are 20TB03, 20TA03 and 20TA05.",17/01/2020
20V012000,TOYOTA,COROLLA,2019,"FUEL SYSTEM, GASOLINE:DELIVERY:FUEL PUMP","Toyota Motor Engineering & Manufacturing (Toyota) recalled certain 2018-2019 4Runner, Highlander, Camry, Land Cruiser, Sequoia, Sienna, Tacoma and Tundra, and Lexus RC 300, RC 350, GS 350, GX 460, IS 300, LC 500, LS 500, LX 570, RX 350L, and 2019 Toyota Avalon and Corolla, and certain Lexus NX 300, and ES 350 vehicles on January 13, 2020. 
On March 4, 2020, Toyota expanded the recall to include certain 2014-2015 Toyota 4Runner and Land Cruiser, 2018 Avalon, Corolla, 2014 FJ Cruiser, 2017 Sienna and Lexus 2018 ES 350, 2018-2019 GS 300, 2013-2014 GS350, 2014-2015 GX 460, IS 350 and LX 570, 2014 IS F, 2018-2019 IS 350, LC 500H and LS 500H, 2013-2015 LS 460, 2015 NX 200T and RC350, 2017 RC 200T and RX 350.  Toyota also removed the 2018-2019 Toyota 4Runner and Land Cruiser and 2018-2019 Lexus GX 460 and LX 570 and 2019 NX300 from inclusion in this recall.  On March 19, 2020, Toyota expanded the recall to include 2015 Lexus GS350 vehicles.  The low-pressure fuel pump inside the fuel tank may fail.","If the fuel pump fails, the engine can stall while driving, increasing the risk of a crash.","Toyota will notify owners, and dealers will replace the fuel pump, free of charge.  The recall began May 4, 2020.  Owners may contact Toyota customer service at 1-888-270-9371 or Lexus customer service at 1-800-255-3987.  Toyota's numbers for this recall are 20TB02 and 20TA02 for Toyota vehicles and 20LB01 and 20LA01 for Lexus vehicles.",13/01/2020
18V901000,TOYOTA,COROLLA,2019,POWER TRAIN:AUTOMATIC TRANSMISSION:TORQUE CONVERTER,"Toyota Motor Engineering & Manufacturing (Toyota) is recalling certain 2019 Toyota Corolla hatchback vehicles equipped with Continuously Variable Transmissions (CVT).  The pump impeller blades within the torque converter may detach, especially when driven under high load, potentially causing a vehicle stall.","A vehicle stall, especially when driving a high rate of speed, can increase the risk of a crash.","Toyota has notified owners, and dealers will replace the CVT and torque converter, free of charge.  The recall began April 22, 2019.  Owners may contact Toyota customer service at 1-888-270-9371.  Toyota's number for this recall is J17/J07.",19/12/2018
19V503000,TOYOTA,COROLLA,2019,EQUIPMENT:OTHER:LABELS,"Southeast Toyota Distributors, LLC (SET) is recalling certain 2017-2019 Toyota Camry, Corolla, Rav4, Sienna, and Yaris iA vehicles equipped with factory-installed floor mats.  The load carrying capacity modification label may be incorrect.  As such, these vehicles fail to comply with the requirements of Federal Motor Vehicle Safety Standard (FMVSS) number 110, ""Tire Selection and Rims.""","An incorrect label may lead to unintentionally overloading the vehicle, increasing the risk of a crash.","SET will notify owners and provide a corrected label for placement over the inaccurate label, free of charge.  The recall began August 23, 2019.  Owners may contact Toyota customer service at 1-888-270-9371.  SET's number for this recall is SET19A.",28/06/2019
19V244000,TOYOTA,COROLLA,2019,EQUIPMENT:OTHER:LABELS,"Gulf States Toyota (GST) is recalling certain 2019 C-HR, 4Runner, Avalon, Avalon Hybrid, Camry, Camry Hybrid, Highlander, Land Cruiser, Prius, RAV4, Sequoia, Tacoma, Sienna, Tundra and Yaris vehicles.  The text on the load capacity label may become illegible.  As such, these vehicles fail to comply with the requirements of Federal Motor Vehicle Safety Standard (FMVSS) number 110, ""Tire Selection and Rims.""","If the driver cannot read the label, they may unknowingly overload the vehicle, increasing the risk of a crash.","GST will notify owners, and dealers will provide corrected load carrying capacity modification labels, free of charge.  The recall began May 24, 2019.  Owners may contact GST customer service at 1-800-444-1074.  GST's number for this recall is 19R1.",27/03/2019
18V464000,VOLKSWAGEN,GOLF,2015,STEERING:COLUMN LOCKING:ANTI-THEFT DEVICE,"Volkswagen Group of America, Inc. (Volkswagen) is recalling certain 2015-2018 Volkswagen Golf and Golf Sportwagen vehicles.  The build of silicate on the shift lever micro switch contacts may enable the key to be removed from the ignition while the vehicle shift lever is not in ""Park.""  As such, these vehicles fail to comply with the requirements of Federal Motor Vehicle Safety Standard (FMVSS) number 114, ""Theft Protection and Rollaway Prevention.""","Removing the key while the shift lever is in a position other than ""Park"" increases the risk of an unintended vehicle rollaway that may result in personal injury or a crash.","Volkswagen will notify owners, and dealers will install an additional switch and circuit board, free of charge. The recall began March 19, 2019. Owners may contact Volkswagen customer service at 1-800-893-5298.  Volkswagen's number for this recall is 37L5.",11/07/2018
18V904000,VOLKSWAGEN,GOLF,2015,SUSPENSION:REAR:SPRINGS:COIL SPRINGS,"Volkswagen Group of America, Inc. (Volkswagen) is recalling certain 2018-2019 Volkswagen Atlas, 2015 Volkswagen Golf SportWagen, and 2019 Volkswagen Jetta vehicles.  The rear coil springs may prematurely fracture.","If a coil spring fractures while driving, it may damage a rear tire causing a loss of vehicle control, increasing the risk of a crash.","Volkswagen has notified owners, and dealers will replace the rear axle coil springs, free of charge.  The recall began January 31, 2019.  Owners may contact Volkswagen customer service at 1-800-893-5298.  Volkswagen's number for this recall is 42J2/42J3.",19/12/2018
18V329000,VOLKSWAGEN,GOLF,2015,UNKNOWN OR OTHER,"Volkswagen Group of America, Inc. (Volkswagen) is recalling certain 2012-2016 Eos, 2012 Passat, 2012-2016 CC, 2015-2016 e-Golf, 2011-2015 Touareg, 2012-2015 and 2017 Tiguan, and 2011-2016 Golf and 2011-2013 GTI vehicles.  Modifications made while the vehicles were in an internal evaluation period may cause the affected vehicles to not comply with all of the applicable regulatory requirements.","If the vehicles do not meet all regulatory requirements, there could be an increased risk of a crash, fire, or injury.","Volkswagen will notify owners, and dealers will repair the vehicles to make them fully compliant or Volkswagen will repurchase them if necessary, free of charge.  The recall began November 29, 2018.  Owners may contact Volkswagen customer service at 1-800-893-5298.",16/05/2018
19V188000,VOLKSWAGEN,GOLF,2015,SUSPENSION:REAR:SPRINGS:COIL SPRINGS,"Volkswagen Group of America, Inc. (Volkswagen) is recalling certain 2017-2019 Golf Sportwagen, 2019 Jetta, 2015-2019 Golf, and 2018-2019 Tiguan vehicles.  The rear coil springs may prematurely fracture.","If a coil spring fractures while driving, it may damage a rear tire causing a loss of vehicle control, increasing the risk of a crash.","Volkswagen will notify owners, and dealers will replace the rear axle coil springs, free of charge.  The recall began April 12, 2019.  Owners may contact Volkswagen customer service at 1-800-893-5298.  Volkswagen's number for this recall is 42J5.",06/03/2019
19V615000,VOLKSWAGEN,GOLF,2015,ELECTRICAL SYSTEM:IGNITION:ANTI-THEFT:CONTROL MODULE,"Volkswagen Group of America, Inc. (Volkswagen) is recalling certain 2015-2019 GTI, 2015-2016 and 2018-2019 Golf, 2012-2019 Beetle and Beetle Convertible, 2017-2019 Golf SportWagen and 2011-2018 Jetta vehicles equipped with an automatic transmission, manual handbrake and keyless entry.  A build-up of silicate on the shift lever micro switch contacts may enable the key to be removed from the ignition when the transmission shift lever is not in ""Park.""","Removing the key while the shift lever is in a position other than ""Park"" increases the risk of an unintended vehicle rollaway that may result in personal injury or a crash.","Volkswagen will notify owners, and dealers will install an additional switch and circuit board, free of charge.  The recall began November 19, 2019. Owners may contact Volkswagen customer service at 1-800-893-5298.  Volkswagen's number for this recall is 37M2.",22/08/2019
16V647000,VOLKSWAGEN,GOLF,2015,"FUEL SYSTEM, GASOLINE","Volkswagen Group of America, Inc. (Volkswagen) is recalling certain model year 2015-2016 Volkswagen Golf, Golf SportWagen, GTI, Audi A3 sedan and A3 Cabriolet vehicles.  Due to a problem with the suction pump inside the fuel tank, fuel may flow into the evaporative emissions (EVAP) system.","As fuel accumulates in the EVAP system, it may leak out through the charcoal canister filter element.  A fuel leak in the presence of an ignition source increases the risk of a fire.","Volkswagen will notify owners, and dealers will replace the suction pump, free of charge.  The recall began November 2016.  Volkswagen owners may contact Volkswagen customer service at 1-800-893-5298, Audi owners may contact Audi customer service at 1-800-253-2834.  Volkswagen's numbers for this recall are 20Y6 and 20Y5.  This recall has been fully superseded by recall 24V-110.",07/09/2016
15V627000,VOLKSWAGEN,GOLF,2015,AIR BAGS:FRONTAL:SENSOR/CONTROL MODULE-INACTIVE,"Volkswagen Group of America, Inc. (Volkswagen) is recalling certain model year 2015 Jetta vehicles manufactured September 8, 2014, to November 28, 2014, Golf vehicles manufactured April 2, 2014, to December 3, 2014, and E-Golf vehicles manufactured July 26, 2014, to October 18, 2014.  The affected vehicles are equipped a Passenger Occupant Detection System (PODS) that may have been manufactured improperly.  As a result, the front passenger seat occupant may be improperly classified or may not be detected.","In the event of a crash, if the front passenger seat occupant is incorrectly classified or non-detected, the passenger frontal air bag may deploy improperly or not at all, increasing the risk of occupant injury.","Volkswagen will notify owners, and dealers will replace the PODS control module, free of charge.  The recall began on November 20, 2015.  Owners may contact Volkswagen customer service at 1-800-893-5298.  Volkswgen's number for this recall is 69L6.",07/10/2015
14V412000,VOLKSWAGEN,GOLF,2015,STEERING,"Volkswagen Group of America, Inc. (Volkswagen) is recalling certain model year 2015 Golf and GTI vehicles manufactured January 27, 2014, to May 12, 2014.  In the affected vehicles, the stabilizer link fasteners may come loose and possibly interfere with the steering of the vehicle.","A loose stabilizer link may interfere with the vehicle's steering, requiring additional effort to control the vehicle, increasing the risk of a crash.","Volkswagen will notify owners, and dealers will replace the front stabilizer links, free of charge.  The recall began in July 2014.  Owners may contact Volkswagen customer service at 1-800-822-8987.  Volkswagen's number for this recall is 40K9/1W.",07/07/2014
15V028000,VOLKSWAGEN,GOLF,2015,"FUEL SYSTEM, GASOLINE:FUEL INJECTION SYSTEM:FUEL RAIL","Volkswagen Group of America, Inc. (Volkswagen) is recalling certain model year 2014-2015 Jetta vehicles manufactured March 28, 2014, to November 24, 2014, 2014-2015 Passat vehicles manufactured April 7, 2014, to November 18, 2014, 2015 Golf and GTI vehicles manufactured July 1, 2014, to November 20, 2014, and 2014-2015 Beetle and Beetle Convertible vehicles manufactured March 31, 2014, to November 27, 2014.  A sealing cap at the fuel rail may fail, allowing fuel to leak into the engine compartment.","A fuel leak, in the presence of an ignition source, can result in a vehicle fire.","Volkswagen will notify owners, and dealers will replace the fuel rails with new parts, free of charge.  The recall began February 6, 2015. Owners may contact Volkswagen customer service at 1-800-822-8987.  Volkswagen's number for this recall is 24BL.  Note: This recall expands and supersedes recall 14V-809 (Volkswagen recall number 24Bi) and only affects vehicles not previously repaired under that campaign.",23/01/2015
15V229000,VOLKSWAGEN,GOLF,2015,"FUEL SYSTEM, GASOLINE:DELIVERY:FUEL PUMP","Volkswagen Group of America, Inc. (Volkswagen) is recalling certain model year 2015 Volkswagen Golf, and GTI manufactured on February 17, 2014, to May 22, 2014, and Audi A3 manufactured on February 16, 2013, to April 23, 2014.  Improper nickel plating of components within the fuel pump may result in the fuel pump failing.","If the fuel pump fails, the vehicle will not start, or if the engine is running, it will stop and the vehicle will stall, increasing the risk of a crash.","Volkswagen will notify owners, and dealers will inspect the vehicles and replace any affected fuel pumps, free of charge.  The recall began on June 16, 2015.  Owners may contact Volkswagen at 1-800-893-5298  or Audi at 1-800-253-2834.",17/04/2015
15V705000,VOLKSWAGEN,GOLF,2015,ENGINE AND ENGINE COOLING:ENGINE,"Volkswagen Group of America, Inc. (Volkswagen) is recalling certain model year 2015-2016 Jetta, Beetle, Beetle Convertible, Passat, Golf and Golf SportWagen vehicles.  In the affected vehicles, the camshaft lobe that drives the brake vacuum pump may shear off, resulting in a loss of brake assist.","If the camshaft lobe shears off there would be a loss of brake assist, lengthening the distance needed to stop the vehicle and increasing the risk of a crash.",Volkswagen dealer will update the engine control module (ECM) software. The recall began March 2016.  Owners may contact Volkswagen customer service at 1-800-822-8987.  Volkswagen's number for this recall is 23R1.,26/10/2015
24V110000,VOLKSWAGEN,GOLF,2015,"FUEL SYSTEM, GASOLINE","Volkswagen Group of America, Inc. (Volkswagen) is recalling certain front-wheel drive 2015-2020 Audi A3 Sedan, 2015-2019 Audi A3 Cabriolet, 2019-2020 Volkswagen Jetta GLI, 2018 Golf Sportwagen GP, 2018-2019 Golf Sportwagen A7, 2015-2017 Golf Sportwagen, 2015-2020 Golf GTI, and 2015-2020 Golf A7 vehicles.  Due to a problem with a suction jet pump seal inside the fuel tank, fuel may flow into the evaporative emissions (EVAP) system and possibly leak out of the charcoal canister.",A fuel leak in the presence of an ignition source increases the risk of a fire.,"Dealers will replace the suction pump, free of charge.  Final owner notification letters for Audi owners were mailed on July 25, 2024.  Final owner letters for VW owners were mailed on August 13, 2024.  Owners may contact Volkswagen customer service at 1-800-893-5298 or Audi customer service at 1-800-253-2834.  Volkswagen's numbers for this recall are VW: 20UF/Audi: 20YF.  Vehicles that were previously recalled under 16V-647 will need to have the new remedy completed.  This recall expands and replaces previous recall number 16V-647.",14/02/2024
18V464000,VOLKSWAGEN,GOLF,2016,STEERING:COLUMN LOCKING:ANTI-THEFT DEVICE,"Volkswagen Group of America, Inc. (Volkswagen) is recalling certain 2015-2018 Volkswagen Golf and Golf Sportwagen vehicles.  The build of silicate on the shift lever micro switch contacts may enable the key to be removed from the ignition while the vehicle shift lever is not in ""Park.""  As such, these vehicles fail to comply with the requirements of Federal Motor Vehicle Safety Standard (FMVSS) number 114, ""Theft Protection and Rollaway Prevention.""","Removing the key while the shift lever is in a position other than ""Park"" increases the risk of an unintended vehicle rollaway that may result in personal injury or a crash.","Volkswagen will notify owners, and dealers will install an additional switch and circuit board, free of charge. The recall began March 19, 2019. Owners may contact Volkswagen customer service at 1-800-893-5298.  Volkswagen's number for this recall is 37L5.",11/07/2018
18V329000,VOLKSWAGEN,GOLF,2016,UNKNOWN OR OTHER,"Volkswagen Group of America, Inc. (Volkswagen) is recalling certain 2012-2016 Eos, 2012 Passat, 2012-2016 CC, 2015-2016 e-Golf, 2011-2015 Touareg, 2012-2015 and 2017 Tiguan, and 2011-2016 Golf and 2011-2013 GTI vehicles.  Modifications made while the vehicles were in an internal evaluation period may cause the affected vehicles to not comply with all of the applicable regulatory requirements.","If the vehicles do not meet all regulatory requirements, there could be an increased risk of a crash, fire, or injury.","Volkswagen will notify owners, and dealers will repair the vehicles to make them fully compliant or Volkswagen will repurchase them if necessary, free of charge.  The recall began November 29, 2018.  Owners may contact Volkswagen customer service at 1-800-893-5298.",16/05/2018
19V188000,VOLKSWAGEN,GOLF,2016,SUSPENSION:REAR:SPRINGS:COIL SPRINGS,"Volkswagen Group of America, Inc. (Volkswagen) is recalling certain 2017-2019 Golf Sportwagen, 2019 Jetta, 2015-2019 Golf, and 2018-2019 Tiguan vehicles.  The rear coil springs may prematurely fracture.","If a coil spring fractures while driving, it may damage a rear tire causing a loss of vehicle control, increasing the risk of a crash.","Volkswagen will notify owners, and dealers will replace the rear axle coil springs, free of charge.  The recall began April 12, 2019.  Owners may contact Volkswagen customer service at 1-800-893-5298.  Volkswagen's number for this recall is 42J5.",06/03/2019
19V615000,VOLKSWAGEN,GOLF,2016,ELECTRICAL SYSTEM:IGNITION:ANTI-THEFT:CONTROL MODULE,"Volkswagen Group of America, Inc. (Volkswagen) is recalling certain 2015-2019 GTI, 2015-2016 and 2018-2019 Golf, 2012-2019 Beetle and Beetle Convertible, 2017-2019 Golf SportWagen and 2011-2018 Jetta vehicles equipped with an automatic transmission, manual handbrake and keyless entry.  A build-up of silicate on the shift lever micro switch contacts may enable the key to be removed from the ignition when the transmission shift lever is not in ""Park.""","Removing the key while the shift lever is in a position other than ""Park"" increases the risk of an unintended vehicle rollaway that may result in personal injury or a crash.","Volkswagen will notify owners, and dealers will install an additional switch and circuit board, free of charge.  The recall began November 19, 2019. Owners may contact Volkswagen customer service at 1-800-893-5298.  Volkswagen's number for this recall is 37M2.",22/08/2019
16V403000,VOLKSWAGEN,GOLF,2016,"FUEL SYSTEM, GASOLINE:FUEL INJECTION SYSTEM:FUEL RAIL","Volkswagen Group of America, Inc. (Volkswagen) is recalling certain model year 2016 Jetta vehicles manufactured October 31, 2015, to January 21, 2016, 2016 Passat vehicles, equipped with 1.8T engines manufactured November 13, 2015, to December 9, 2015, and 2016 Golf vehicles manufactured November 5, 2015, to November 11, 2015.  In the affected vehicles, the fuel rail may detach from the cylinder head and result in a fuel leak.","A fuel leak, in the presence of an ignition source, can result in a vehicle fire.","Volkswagen will notify owners, and dealers will replace the cylinder heads, free of charge.  The manufacturer has not yet provided a notification schedule.  Owners may contact Volkswagen customer service at 1-800-822-8987.  Volkswagen's number for this recall is 15F7.",06/06/2016
16V647000,VOLKSWAGEN,GOLF,2016,"FUEL SYSTEM, GASOLINE","Volkswagen Group of America, Inc. (Volkswagen) is recalling certain model year 2015-2016 Volkswagen Golf, Golf SportWagen, GTI, Audi A3 sedan and A3 Cabriolet vehicles.  Due to a problem with the suction pump inside the fuel tank, fuel may flow into the evaporative emissions (EVAP) system.","As fuel accumulates in the EVAP system, it may leak out through the charcoal canister filter element.  A fuel leak in the presence of an ignition source increases the risk of a fire.","Volkswagen will notify owners, and dealers will replace the suction pump, free of charge.  The recall began November 2016.  Volkswagen owners may contact Volkswagen customer service at 1-800-893-5298, Audi owners may contact Audi customer service at 1-800-253-2834.  Volkswagen's numbers for this recall are 20Y6 and 20Y5.  This recall has been fully superseded by recall 24V-110.",07/09/2016
15V705000,VOLKSWAGEN,GOLF,2016,ENGINE AND ENGINE COOLING:ENGINE,"Volkswagen Group of America, Inc. (Volkswagen) is recalling certain model year 2015-2016 Jetta, Beetle, Beetle Convertible, Passat, Golf and Golf SportWagen vehicles.  In the affected vehicles, the camshaft lobe that drives the brake vacuum pump may shear off, resulting in a loss of brake assist.","If the camshaft lobe shears off there would be a loss of brake assist, lengthening the distance needed to stop the vehicle and increasing the risk of a crash.",Volkswagen dealer will update the engine control module (ECM) software. The recall began March 2016.  Owners may contact Volkswagen customer service at 1-800-822-8987.  Volkswagen's number for this recall is 23R1.,26/10/2015
22V543000,VOLKSWAGEN,GOLF,2016,AIR BAGS:FRONTAL:PASSENGER SIDE:INFLATOR MODULE,"Volkswagen Group of America, Inc. (Volkswagen) is recalling certain 2016 Audi TT Roadster, TT Coupe, S3 Sedan, R8 Coupe, A3 Sedan, A3 Etron, A3 Cabriolet, 2016 Golf Sportwagen, Golf R, Golf GTI, Golf A7, and E Golf vehicles.  During air bag deployment, the front passenger air bag may explode or deploy improperly.","An inflator explosion may result in sharp metal fragments striking occupants, resulting in serious injury or death.  An improper air bag deployment may not properly restrain the occupant, increasing their risk of injury in a crash.","Dealers will replace the front-passenger air bag module, free of charge.  Owner notification letters were mailed December 16, 2022.  Owners may contact Volkswagen's customer service at 1-800-893-5298.  Audi's customer service at 1-800-253-2834.  Volkswagen's number for this recall is 69DY and 61C1.",27/07/2022
24V110000,VOLKSWAGEN,GOLF,2016,"FUEL SYSTEM, GASOLINE","Volkswagen Group of America, Inc. (Volkswagen) is recalling certain front-wheel drive 2015-2020 Audi A3 Sedan, 2015-2019 Audi A3 Cabriolet, 2019-2020 Volkswagen Jetta GLI, 2018 Golf Sportwagen GP, 2018-2019 Golf Sportwagen A7, 2015-2017 Golf Sportwagen, 2015-2020 Golf GTI, and 2015-2020 Golf A7 vehicles.  Due to a problem with a suction jet pump seal inside the fuel tank, fuel may flow into the evaporative emissions (EVAP) system and possibly leak out of the charcoal canister.",A fuel leak in the presence of an ignition source increases the risk of a fire.,"Dealers will replace the suction pump, free of charge.  Final owner notification letters for Audi owners were mailed on July 25, 2024.  Final owner letters for VW owners were mailed on August 13, 2024.  Owners may contact Volkswagen customer service at 1-800-893-5298 or Audi customer service at 1-800-253-2834.  Volkswagen's numbers for this recall are VW: 20UF/Audi: 20YF.  Vehicles that were previously recalled under 16V-647 will need to have the new remedy completed.  This recall expands and replaces previous recall number 16V-647.",14/02/2024
18V464000,VOLKSWAGEN,GOLF,2017,STEERING:COLUMN LOCKING:ANTI-THEFT DEVICE,"Volkswagen Group of America, Inc. (Volkswagen) is recalling certain 2015-2018 Volkswagen Golf and Golf Sportwagen vehicles.  The build of silicate on the shift lever micro switch contacts may enable the key to be removed from the ignition while the vehicle shift lever is not in ""Park.""  As such, these vehicles fail to comply with the requirements of Federal Motor Vehicle Safety Standard (FMVSS) number 114, ""Theft Protection and Rollaway Prevention.""","Removing the key while the shift lever is in a position other than ""Park"" increases the risk of an unintended vehicle rollaway that may result in personal injury or a crash.","Volkswagen will notify owners, and dealers will install an additional switch and circuit board, free of charge. The recall began March 19, 2019. Owners may contact Volkswagen customer service at 1-800-893-5298.  Volkswagen's number for this recall is 37L5.",11/07/2018
19V188000,VOLKSWAGEN,GOLF,2017,SUSPENSION:REAR:SPRINGS:COIL SPRINGS,"Volkswagen Group of America, Inc. (Volkswagen) is recalling certain 2017-2019 Golf Sportwagen, 2019 Jetta, 2015-2019 Golf, and 2018-2019 Tiguan vehicles.  The rear coil springs may prematurely fracture.","If a coil spring fractures while driving, it may damage a rear tire causing a loss of vehicle control, increasing the risk of a crash.","Volkswagen will notify owners, and dealers will replace the rear axle coil springs, free of charge.  The recall began April 12, 2019.  Owners may contact Volkswagen customer service at 1-800-893-5298.  Volkswagen's number for this recall is 42J5.",06/03/2019
16V955000,VOLKSWAGEN,GOLF,2017,SEAT BELTS:PRETENSIONER,"Volkswagen Group of America, Inc. (Volkswagen) is recalling certain model year 2017 Audi A7, A4, A6, Volkswagen Golf and Tiguan vehicles and 2016 Volkswagen e-Golf vehicles for driver frontal air bags, passenger frontal air bags or head air bags that may not deploy properly.  Additionally, certain 2017 Audi Q7, A4 Sedan, A4 Allroad, and 2018 Audi Q5 vehicles are being recalled because the seat belt pretensioners may not activate properly.","In the event of a crash, if the air bags and/or the seat belt pretensioners do not inflate or function properly, the vehicle occupants have an increased risk of injury.","Volkswagen and Audi will notify owners, and dealers will replace the affected air bags and seat belt pretensioners, free of charge. The recall began April 2017.  Owners may contact Volkswagen customer service at 1-800-893-5298 or Audi customer service at 1-800-253-2834.",29/12/2016
21V321000,VOLKSWAGEN,GOLF,2017,UNKNOWN OR OTHER,"Volkswagen Group of America, Inc. (Volkswagen) is recalling certain 2017 Touareg GP, Tiguan, Golf A6, E-Golf GP, CCF, 2016-2017 Passat GP, 2018-2019 Golf R GP, and 2018 Atlas vehicles.  These internal-use vehicles were sold without confirmation that they were built to all applicable regulatory requirements and may have been modified prior to sale.  As such, these vehicles may fail to comply with the requirements of various Federal Motor Vehicle Safety Standards.","Vehicles that do not meet all regulatory requirements may have an increased risk of injury, crash, or fire.","Volkswagen will repurchase the vehicles.  Owner notification letters were mailed May 20, 2021.  Owners may contact Volkswagen customer service at 1-800-893-5298.  Volkswagen's number for this recall is 01F1.",05/05/2021
24V110000,VOLKSWAGEN,GOLF,2017,"FUEL SYSTEM, GASOLINE","Volkswagen Group of America, Inc. (Volkswagen) is recalling certain front-wheel drive 2015-2020 Audi A3 Sedan, 2015-2019 Audi A3 Cabriolet, 2019-2020 Volkswagen Jetta GLI, 2018 Golf Sportwagen GP, 2018-2019 Golf Sportwagen A7, 2015-2017 Golf Sportwagen, 2015-2020 Golf GTI, and 2015-2020 Golf A7 vehicles.  Due to a problem with a suction jet pump seal inside the fuel tank, fuel may flow into the evaporative emissions (EVAP) system and possibly leak out of the charcoal canister.",A fuel leak in the presence of an ignition source increases the risk of a fire.,"Dealers will replace the suction pump, free of charge.  Final owner notification letters for Audi owners were mailed on July 25, 2024.  Final owner letters for VW owners were mailed on August 13, 2024.  Owners may contact Volkswagen customer service at 1-800-893-5298 or Audi customer service at 1-800-253-2834.  Volkswagen's numbers for this recall are VW: 20UF/Audi: 20YF.  Vehicles that were previously recalled under 16V-647 will need to have the new remedy completed.  This recall expands and replaces previous recall number 16V-647.",14/02/2024
18V464000,VOLKSWAGEN,GOLF,2018,STEERING:COLUMN LOCKING:ANTI-THEFT DEVICE,"Volkswagen Group of America, Inc. (Volkswagen) is recalling certain 2015-2018 Volkswagen Golf and Golf Sportwagen vehicles.  The build of silicate on the shift lever micro switch contacts may enable the key to be removed from the ignition while the vehicle shift lever is not in ""Park.""  As such, these vehicles fail to comply with the requirements of Federal Motor Vehicle Safety Standard (FMVSS) number 114, ""Theft Protection and Rollaway Prevention.""","Removing the key while the shift lever is in a position other than ""Park"" increases the risk of an unintended vehicle rollaway that may result in personal injury or a crash.","Volkswagen will notify owners, and dealers will install an additional switch and circuit board, free of charge. The recall began March 19, 2019. Owners may contact Volkswagen customer service at 1-800-893-5298.  Volkswagen's number for this recall is 37L5.",11/07/2018
18V369000,VOLKSWAGEN,GOLF,2018,"SERVICE BRAKES, HYDRAULIC:FOUNDATION COMPONENTS:DISC:CALIPER","Volkswagen Group of America, Inc. (Volkswagen) is recalling certain 2018 Volkswagen Atlas, Passat, Beetle, Beetle Convertible, Golf, Golf SportWagen and GTI and Audi Q5 and SQ5 vehicles.  The brake caliper pistons on these vehicles may have insufficient coating, potentially reducing the brake performance.",A reduction of braking performance can increase the risk of a crash.,"Volkswagen and Audi will notify their owners.  Audi dealers will bleed the rear brakes.  Volkswagen dealers will bleed the front and rear brake calipers.  Note: Owners are advised not to drive their vehicles until the brake system has been checked.  The recall began June 29, 2018.  Owners may contact Volkswagen customer service at 1-800-893-5298 and Audi customer service at 1-800-253-2834.  Volkswagen's numbers for this recall are 47N8, 47N9, and 47N6.",01/06/2018
19V188000,VOLKSWAGEN,GOLF,2018,SUSPENSION:REAR:SPRINGS:COIL SPRINGS,"Volkswagen Group of America, Inc. (Volkswagen) is recalling certain 2017-2019 Golf Sportwagen, 2019 Jetta, 2015-2019 Golf, and 2018-2019 Tiguan vehicles.  The rear coil springs may prematurely fracture.","If a coil spring fractures while driving, it may damage a rear tire causing a loss of vehicle control, increasing the risk of a crash.","Volkswagen will notify owners, and dealers will replace the rear axle coil springs, free of charge.  The recall began April 12, 2019.  Owners may contact Volkswagen customer service at 1-800-893-5298.  Volkswagen's number for this recall is 42J5.",06/03/2019
19V615000,VOLKSWAGEN,GOLF,2018,ELECTRICAL SYSTEM:IGNITION:ANTI-THEFT:CONTROL MODULE,"Volkswagen Group of America, Inc. (Volkswagen) is recalling certain 2015-2019 GTI, 2015-2016 and 2018-2019 Golf, 2012-2019 Beetle and Beetle Convertible, 2017-2019 Golf SportWagen and 2011-2018 Jetta vehicles equipped with an automatic transmission, manual handbrake and keyless entry.  A build-up of silicate on the shift lever micro switch contacts may enable the key to be removed from the ignition when the transmission shift lever is not in ""Park.""","Removing the key while the shift lever is in a position other than ""Park"" increases the risk of an unintended vehicle rollaway that may result in personal injury or a crash.","Volkswagen will notify owners, and dealers will install an additional switch and circuit board, free of charge.  The recall began November 19, 2019. Owners may contact Volkswagen customer service at 1-800-893-5298.  Volkswagen's number for this recall is 37M2.",22/08/2019
20V372000,VOLKSWAGEN,GOLF,2018,EQUIPMENT:OTHER:LABELS,"Volkswagen Group of America, Inc. (Volkswagen) is recalling two 2018 Golf GTI vehicles.  The VIN printed on the Federal Certification label may not match the actual VIN on the vehicle.  As such, these vehicles fail to comply with the requirements of 49 CFR Part 567, ""Certification.""","If the stamped vehicle identification number (VIN) does not match the VIN on the Vehicle Certification Label, owners may be unable to tell if their vehicle is under an important safety recall, possibly exposing them to an increased risk of a crash, fire or injury.","Volkswagen will notify owners, and dealers will install a correct certification label, free of charge.  This recall began July 9, 2020.  Owners may contact Volkswagen customer service at 1-800-893-5298.  Volkswagen's number for this recall is  01E7.",24/06/2020
24V110000,VOLKSWAGEN,GOLF,2018,"FUEL SYSTEM, GASOLINE","Volkswagen Group of America, Inc. (Volkswagen) is recalling certain front-wheel drive 2015-2020 Audi A3 Sedan, 2015-2019 Audi A3 Cabriolet, 2019-2020 Volkswagen Jetta GLI, 2018 Golf Sportwagen GP, 2018-2019 Golf Sportwagen A7, 2015-2017 Golf Sportwagen, 2015-2020 Golf GTI, and 2015-2020 Golf A7 vehicles.  Due to a problem with a suction jet pump seal inside the fuel tank, fuel may flow into the evaporative emissions (EVAP) system and possibly leak out of the charcoal canister.",A fuel leak in the presence of an ignition source increases the risk of a fire.,"Dealers will replace the suction pump, free of charge.  Final owner notification letters for Audi owners were mailed on July 25, 2024.  Final owner letters for VW owners were mailed on August 13, 2024.  Owners may contact Volkswagen customer service at 1-800-893-5298 or Audi customer service at 1-800-253-2834.  Volkswagen's numbers for this recall are VW: 20UF/Audi: 20YF.  Vehicles that were previously recalled under 16V-647 will need to have the new remedy completed.  This recall expands and replaces previous recall number 16V-647.",14/02/2024
19V188000,VOLKSWAGEN,GOLF,2019,SUSPENSION:REAR:SPRINGS:COIL SPRINGS,"Volkswagen Group of America, Inc. (Volkswagen) is recalling certain 2017-2019 Golf Sportwagen, 2019 Jetta, 2015-2019 Golf, and 2018-2019 Tiguan vehicles.  The rear coil springs may prematurely fracture.","If a coil spring fractures while driving, it may damage a rear tire causing a loss of vehicle control, increasing the risk of a crash.","Volkswagen will notify owners, and dealers will replace the rear axle coil springs, free of charge.  The recall began April 12, 2019.  Owners may contact Volkswagen customer service at 1-800-893-5298.  Volkswagen's number for this recall is 42J5.",06/03/2019
19V615000,VOLKSWAGEN,GOLF,2019,ELECTRICAL SYSTEM:IGNITION:ANTI-THEFT:CONTROL MODULE,"Volkswagen Group of America, Inc. (Volkswagen) is recalling certain 2015-2019 GTI, 2015-2016 and 2018-2019 Golf, 2012-2019 Beetle and Beetle Convertible, 2017-2019 Golf SportWagen and 2011-2018 Jetta vehicles equipped with an automatic transmission, manual handbrake and keyless entry.  A build-up of silicate on the shift lever micro switch contacts may enable the key to be removed from the ignition when the transmission shift lever is not in ""Park.""","Removing the key while the shift lever is in a position other than ""Park"" increases the risk of an unintended vehicle rollaway that may result in personal injury or a crash.","Volkswagen will notify owners, and dealers will install an additional switch and circuit board, free of charge.  The recall began November 19, 2019. Owners may contact Volkswagen customer service at 1-800-893-5298.  Volkswagen's number for this recall is 37M2.",22/08/2019
19V879000,VOLKSWAGEN,GOLF,2019,WHEELS,"Volkswagen Group of America, Inc. (Volkswagen) is recalling certain 2019 Jetta GLI, Golf Alltrack, and Golf GTI vehicles.  The front wheel bearings may have been improperly machined, potentially causing excessive stress on the wheel, wheel bolts, or wheel bearings.","The excessive stress can cause steering, traction or other stability issues or breakage relating to the front wheels, and increase the risk of a crash.","Volkswagen has notified owners, and dealers will replace the wheel bearing assemblies, wheels, and wheel bolts, free of charge.  The recall began December 11, 2019.  Owners may contact Volkswagen customer service at 1-800-893-5298.  Volkswagen's number for this recall is 40P1.  Note: The affected owners are advised not to drive their vehicles until the repairs have been made.",11/12/2019
22V815000,VOLKSWAGEN,GOLF,2019,TIRES:PRESSURE MONITORING AND REGULATING SYSTEMS,"Volkswagen Group of America, Inc. (Volkswagen) is recalling certain 2019 Volkswagen Tiguan LWB, Golf Sportswagen A7, Golf Alltrack, Golf R GP, Audi Q3, Audi A3 Cabriolet, 2019-2020 Jetta NF, Jetta GLI, Golf GTI, Atlas, Golf A7, Audi A3, 2020-2021 Atlas Cross Sport, and 2021 Atlas FL vehicles.  The tire pressure monitoring system may not detect an air pressure loss in adequate time when deflating occurs among all four tires simultaneously.  As such, these vehicles fail to comply with the requirements of Federal Motor Vehicle Safety Standard number 138, ""Tire Pressure Monitoring Systems.""",An undetected sudden loss of pressure in all four tires increases the risk of a crash.,"Dealers will update the TPMS software, free of charge.  Owner notification letters were mailed November 18, 2022.  Owners may contact Volkswagen's customer service at 1-800-893-5298 or Audis customer service at 1-800-253-2834.  Volkswagen's numbers for this recall are (Audi) 45J7, and (VW) 45J6 and 45J8.",31/10/2022
23V604000,VOLKSWAGEN,GOLF,2019,ELECTRICAL SYSTEM:IGNITION:SWITCH,"Volkswagen Group of America, Inc. (Volkswagen) is recalling certain 2019 Golf, Golf Alltrack, Golf Sportwagen, 2019-2020 Golf GTI, and Jetta vehicles equipped with a conventional ignition switch.  The ignition switch may fail, especially in high temperature environments.","Ignition switch failure can cause the electrical system to shut down and the engine to stall while driving, increasing the risk of a crash.","Dealers will replace the ignition switch, free of charge.  Owner notification letters were mailed February 1, 2024.  Owners may contact Volkswagen's customer service at 1-800-893-5298.  Volkswagen's number for this recall is 28H7.",30/08/2023
24V110000,VOLKSWAGEN,GOLF,2019,"FUEL SYSTEM, GASOLINE","Volkswagen Group of America, Inc. (Volkswagen) is recalling certain front-wheel drive 2015-2020 Audi A3 Sedan, 2015-2019 Audi A3 Cabriolet, 2019-2020 Volkswagen Jetta GLI, 2018 Golf Sportwagen GP, 2018-2019 Golf Sportwagen A7, 2015-2017 Golf Sportwagen, 2015-2020 Golf GTI, and 2015-2020 Golf A7 vehicles.  Due to a problem with a suction jet pump seal inside the fuel tank, fuel may flow into the evaporative emissions (EVAP) system and possibly leak out of the charcoal canister.",A fuel leak in the presence of an ignition source increases the risk of a fire.,"Dealers will replace the suction pump, free of charge.  Final owner notification letters for Audi owners were mailed on July 25, 2024.  Final owner letters for VW owners were mailed on August 13, 2024.  Owners may contact Volkswagen customer service at 1-800-893-5298 or Audi customer service at 1-800-253-2834.  Volkswagen's numbers for this recall are VW: 20UF/Audi: 20YF.  Vehicles that were previously recalled under 16V-647 will need to have the new remedy completed.  This recall expands and replaces previous recall number 16V-647.",14/02/2024
